time,vel
0.000000000000000000e+00,2.146638957236935312e+03
5.750431282346176571e-05,2.120179928133774411e+03
1.150086256469235314e-04,2.041455097896885263e+03
1.725129384703852971e-04,1.912405158571716356e+03
2.300172512938470628e-04,1.736211396036690758e+03
2.875215641173088556e-04,1.517217266255833920e+03
3.450258769407705942e-04,1.260821322193778087e+03
4.025301897642323328e-04,9.733441309146761569e+02
4.600345025876941257e-04,6.618724615698158686e+02
5.175388154111559185e-04,3.340845852873916328e+02
5.750431282346177113e-04,-1.939006400490421722e+00
6.325474410580793957e-04,-3.379147985023183196e+02
6.900517538815411885e-04,-6.655604543622605433e+02
7.475560667050029813e-04,-9.767989884074092970e+02
8.050603795284646657e-04,-1.263957876664821924e+03
8.625646923519264585e-04,-1.519958196658020597e+03
9.200690051753882513e-04,-1.738489134084224588e+03
9.775733179988499357e-04,-1.914163554405687591e+03
1.035077630822311837e-03,-2.042650804268434740e+03
1.092581943645773521e-03,-2.120783468982591330e+03
1.150086256469235423e-03,-2.146635454322941769e+03
1.207590569292697107e-03,-2.119569467809360958e+03
1.265094882116158791e-03,-2.040252728978189452e+03
1.322599194939620693e-03,-1.910640521361411629e+03
1.380103507763082377e-03,-1.733927991643473661e+03
1.437607820586544061e-03,-1.514471384223029872e+03
1.495112133410005963e-03,-1.257680652872737028e+03
1.552616446233467647e-03,-9.698860967901530330e+02
1.610120759056929331e-03,-6.581823086728037424e+02
1.667625071880391233e-03,-3.302532817451284473e+02
1.725129384703852917e-03,5.817012873277935370e+00
1.782633697527314818e-03,3.417439088895219470e+02
1.840138010350776503e-03,6.692462750139069385e+02
1.897642323174238187e-03,9.802506579929868167e+02
1.955146635997699871e-03,1.267090306049326273e+03
2.012650948821161773e-03,1.522694166484215430e+03
2.070155261644623674e-03,1.740761198352388874e+03
2.127659574468085141e-03,1.915915703124578840e+03
2.185163887291547043e-03,2.043839844190498070e+03
2.242668200115008944e-03,2.121380088386080843e+03
2.300172512938470845e-03,2.146624945592393487e+03
2.357676825761932313e-03,2.118952090001666420e+03
2.415181138585394214e-03,2.039043701436430183e+03
2.472685451408856115e-03,1.908869648533891450e+03
2.530189764232317583e-03,1.731638928356751649e+03
2.587694077055779484e-03,1.511720559521140785e+03
2.645198389879241385e-03,1.254535878951671293e+03
2.702702702702702853e-03,9.664248973195726649e+02
2.760207015526164754e-03,6.544900077145068735e+02
2.817711328349626655e-03,3.264209003794709929e+02
2.875215641173088123e-03,-9.695000361507064568e+00
2.932719953996550024e-03,-3.455719039522159619e+02
2.990224266820011925e-03,-6.729299114956140784e+02
3.047728579643473393e-03,-9.836991284064487218e+02
3.105232892466935294e-03,-1.270218600124213481e+03
3.162737205290397195e-03,-1.525425166805237950e+03
3.220241518113858663e-03,-1.743027581426012375e+03
3.277745830937320564e-03,-1.917661599010030841e+03
3.335250143760782465e-03,-2.045022213782494191e+03
3.392754456584244366e-03,-2.121969784397099374e+03
3.450258769407705834e-03,-2.146607431079587059e+03
3.507763082231167735e-03,-2.118327796725580811e+03
3.565267395054629637e-03,-2.037828019217422707e+03
3.622771707878091104e-03,-1.907092545868625393e+03
3.680276020701553005e-03,-1.729344213647174001e+03
3.737780333525014907e-03,-1.508964801127831379e+03
3.795284646348476374e-03,-1.251387010693951424e+03
3.852788959171938275e-03,-9.629605437989953316e+02
3.910293271995399743e-03,-6.507955707452157412e+02
3.967797584818862078e-03,-3.225874536978844276e+02
4.025301897642323545e-03,1.357295620887519405e+01
4.082806210465785013e-03,3.493987711972524153e+02
4.140310523289247348e-03,6.766113517853666508e+02
4.197814836112708815e-03,9.871443883932771541e+02
4.255319148936170283e-03,1.273342748679894612e+03
4.312823461759632618e-03,1.528151188708115797e+03
4.370327774583094085e-03,1.745288275908467540e+03
4.427832087406555553e-03,1.919401236364092483e+03
4.485336400230017888e-03,2.046197909185609660e+03
4.542840713053479355e-03,2.122552555091098839e+03
4.600345025876941690e-03,2.146582910841683315e+03
4.657849338700403158e-03,2.117696590018565530e+03
4.715353651523864625e-03,2.036605686288698053e+03
4.772857964347326960e-03,1.905309219165406830e+03
4.830362277170788428e-03,1.727043855003830458e+03
4.887866589994249895e-03,1.506204118036871478e+03
4.945370902817712230e-03,1.248234058376299117e+03
5.002875215641173698e-03,9.594930475347791798e+02
5.060379528464635165e-03,6.470990098221913058e+02
5.117883841288097500e-03,3.187529542113033472e+02
5.175388154111558968e-03,-1.745086775918439770e+01
5.232892466935020435e-03,-3.532244981351713591e+02
5.290396779758482770e-03,-6.802905838683183219e+02
5.347901092581944238e-03,-9.905864267094283377e+02
5.405405405405405705e-03,-1.276462741520322197e+03
5.462909718228868040e-03,-1.530872223296138600e+03
5.520414031052329508e-03,-1.747543274421694832e+03
5.577918343875790975e-03,-1.921134609509233997e+03
5.635422656699253310e-03,-2.047366926562813887e+03
5.692926969522714778e-03,-2.123128398566134365e+03
5.750431282346176246e-03,-2.146551384958706876e+03
5.807935595169638580e-03,-2.117058471940641539e+03
5.865439907993100048e-03,-2.035376706639497115e+03
5.922944220816561516e-03,-1.903519674244357475e+03
5.980448533640023850e-03,-1.724737859934233938e+03
6.037952846463485318e-03,-1.503438519258094402e+03
6.095457159286946786e-03,-1.245077032288788587e+03
6.152961472110409120e-03,-9.560224198435367953e+02
6.210465784933870588e-03,-6.434003370096298795e+02
6.267970097757332056e-03,-3.149174144341080250e+02
6.325474410580794390e-03,2.132872235638131642e+01
6.382978723404255858e-03,3.570490722802284722e+02
6.440483036227717326e-03,6.839675957368256149e+02
6.497987349051179660e-03,9.940252321213707773e+02
6.555491661874641128e-03,1.279578568462997964e+03
6.612995974698103463e-03,1.533588261688862303e+03
6.670500287521564931e-03,1.749792569606218649e+03
6.728004600345026398e-03,1.922861712788376281e+03
6.785508913168488733e-03,2.048529262098870277e+03
6.843013225991950201e-03,2.123697312942867484e+03
6.900517538815411668e-03,2.146512853533546604e+03
6.958021851638874003e-03,2.116413444574388450e+03
7.015526164462335471e-03,2.034141084280746782e+03
7.073030477285796938e-03,1.901723916945872816e+03
7.130534790109259273e-03,1.722426235964293483e+03
7.188039102932720741e-03,1.500668013817387191e+03
7.245543415756182208e-03,1.241915942734761529e+03
7.303047728579644543e-03,9.525486720521047346e+02
7.360552041403106011e-03,6.396995643786221990e+02
7.418056354226567478e-03,3.110808468840642718e+02
7.475560667050029813e-03,-2.520650734458513043e+01
7.533064979873491281e-03,-3.608724811504307013e+02
7.590569292696952748e-03,-6.876423753904983869e+02
7.648073605520415083e-03,-9.974607934061381229e+02
7.705577918343876551e-03,-1.282690219339035366e+03
7.763082231167338018e-03,-1.536299295022149181e+03
7.820586543990799486e-03,-1.752036154121177560e+03
7.878090856814262688e-03,-1.924582540564899318e+03
7.935595169637724156e-03,-2.049684912000348504e+03
7.993099482461185623e-03,-2.124259296364573402e+03
8.050603795284647091e-03,-2.146467316691955148e+03
8.108108108108108558e-03,-2.115761510024937706e+03
8.165612420931570026e-03,-2.032898823245064023e+03
8.223116733755033228e-03,-1.899921953130639849e+03
8.280621046578494696e-03,-1.720108990638279920e+03
8.338125359401956163e-03,-1.497892610756636941e+03
8.395629672225417631e-03,-1.238750800030830987e+03
8.453133985048879098e-03,-9.490718154974952085e+02
8.510638297872340566e-03,-6.359967040071044266e+02
8.568142610695803768e-03,-3.072432640822884196e+02
8.625646923519265236e-03,2.908421006816125143e+01
8.683151236342726703e-03,3.646947122676066897e+02
8.740655549166188171e-03,6.913149108362284778e+02
8.798159861989649638e-03,1.000893099351320870e+03
8.855664174813111106e-03,1.285797683993156170e+03
8.913168487636574308e-03,1.539005314448207173e+03
8.970672800460035776e-03,1.754274020644355687e+03
9.028177113283497243e-03,1.926297087222658774e+03
9.085681426106958711e-03,2.050833872495640207e+03
9.143185738930420178e-03,2.124814346997148732e+03
9.200690051753883381e-03,2.146414774582546670e+03
9.258194364577344848e-03,2.115102670419955757e+03
9.315698677400806316e-03,2.031649927586715421e+03
9.373202990224267783e-03,1.898113788679599111e+03
9.430707303047729251e-03,1.717786131518825869e+03
9.488211615871190718e-03,1.495112319133733763e+03
9.545715928694653921e-03,1.235581614506847018e+03
9.603220241518115388e-03,9.455918615268628855e+02
9.660724554341576856e-03,6.322917679798230211e+02
9.718228867165038323e-03,3.034046785532328840e+02
9.775733179988499791e-03,-3.296181787173594557e+01
9.833237492811961258e-03,-3.685157531574213294e+02
9.890741805635424461e-03,-6.949851900882455311e+02
9.948246118458885928e-03,-1.004322138755187893e+03
1.000575043128234740e-02,-1.288900952283768220e+03
1.006325474410580886e-02,-1.541706311135588521e+03
1.012075905692927033e-02,-1.756506161872184066e+03
1.017826336975273180e-02,-1.928005347166017827e+03
1.023576768257619500e-02,-2.051976139834969217e+03
1.029327199539965647e-02,-2.125362463029116952e+03
1.035077630822311794e-02,-2.146355227376800485e+03
1.040828062104657940e-02,-2.114436927909651786e+03
1.046578493387004087e-02,-2.030394401381637408e+03
1.052328924669350234e-02,-1.896299429493924208e+03
1.058079355951696554e-02,-1.715457666186866618e+03
1.063829787234042701e-02,-1.492327148022500523e+03
1.069580218516388848e-02,-1.232408396505853943e+03
1.075330649798734994e-02,-9.421088214974918174e+02
1.081081081081081141e-02,-6.285847683883201853e+02
1.086831512363427288e-02,-2.995651028245998191e+02
1.092581943645773608e-02,3.683931810025289622e+01
1.098332374928119755e-02,3.723355913494314109e+02
1.104082806210465902e-02,6.986532011680925507e+02
1.109833237492812048e-02,1.007747900426594242e+03
1.115583668775158195e-02,1.292000014082944062e+03
1.121334100057504515e-02,1.544402276269258891e+03
1.127084531339850662e-02,1.758732570519795217e+03
1.132834962622196809e-02,1.929707314819857174e+03
1.138585393904542956e-02,2.053111710290397696e+03
1.144335825186889102e-02,2.125903642671628859e+03
1.150086256469235249e-02,2.146288675269055148e+03
1.155836687751581569e-02,2.113764284666759067e+03
1.161587119033927716e-02,2.029132248727393744e+03
1.167337550316273863e-02,1.894478881494995221e+03
1.173087981598620010e-02,1.713123602241657863e+03
1.178838412880966156e-02,1.489537106512712171e+03
1.184588844163312303e-02,1.229231156384050792e+03
1.190339275445658623e-02,9.386227067767101744e+02
1.196089706728004770e-02,6.248757173308438269e+02
1.201840138010350917e-02,2.957245494273232680e+02
1.207590569292697064e-02,-4.071669809898399706e+01
1.213341000575043210e-02,-3.761542143770963662e+02
1.219091431857389357e-02,-7.023189321047800604e+02
1.224841863139735677e-02,-1.011170373185173730e+03
1.230592294422081824e-02,-1.295094859276533498e+03
1.236342725704427971e-02,-1.547093201050584639e+03
1.242093156986774118e-02,-1.760953239321014735e+03
1.247843588269120264e-02,-1.931402984629583216e+03
1.253594019551466411e-02,-2.054240580155849329e+03
1.259344450833812731e-02,-2.126437884158478028e+03
1.265094882116158878e-02,-2.146215118476512544e+03
1.270845313398505025e-02,-2.113084742886535423e+03
1.276595744680851172e-02,-2.027863473743181885e+03
1.282346175963197318e-02,-1.892652150624408250e+03
1.288096607245543465e-02,-1.710783947300693853e+03
1.293847038527889785e-02,-1.486742203710000467e+03
1.299597469810235932e-02,-1.226049904510743545e+03
1.305347901092582079e-02,-9.351335287419153701e+02
1.311098332374928226e-02,-6.211646269123734783e+02
1.316848763657274372e-02,-2.918830308955580790e+02
1.322599194939620693e-02,4.459394521362401065e+01
1.328349626221966839e-02,3.799716097778717199e+02
1.334100057504312986e-02,7.059823709347310796e+02
1.339850488786659133e-02,1.014589545861212855e+03
1.345600920069005280e-02,1.298185477764081270e+03
1.351351351351351426e-02,1.549779076697391929e+03
1.357101782633697747e-02,1.763168161028417217e+03
1.362852213916043893e-02,1.933092351061169893e+03
1.368602645198390040e-02,2.055362745747117060e+03
1.374353076480736187e-02,2.126965185746100815e+03
1.380103507763082334e-02,2.146134557239234255e+03
1.385853939045428480e-02,2.112398304786753215e+03
1.391604370327774801e-02,2.026588080569809563e+03
1.397354801610120947e-02,1.890819242843930624e+03
1.403105232892467094e-02,1.708438708999744222e+03
1.408855664174813241e-02,1.483942448735895141e+03
1.414606095457159388e-02,1.222864651268363559e+03
1.420356526739505534e-02,9.316412987804542354e+02
1.426106958021851855e-02,6.174515092444933089e+02
1.431857389304198001e-02,2.880405597665559299e+02
1.437607820586544148e-02,-4.847104679026328711e+01
1.443358251868890295e-02,-3.837877650931816333e+02
1.449108683151236442e-02,-7.096435057018273938e+02
1.454859114433582588e-02,-1.018005407295828832e+03
1.460609545715928909e-02,-1.301271859458993049e+03
1.466359976998275055e-02,-1.552459894444001293e+03
1.472110408280621202e-02,-1.765377328413312171e+03
1.477860839562967349e-02,-1.934775408601145728e+03
1.483611270845313496e-02,-2.056478203401863993e+03
1.489361702127659816e-02,-2.127485545713579995e+03
1.495112133410005963e-02,-2.146046991820142011e+03
1.500862564692352109e-02,-2.111704972607685249e+03
1.506612995974698256e-02,-2.025306073369688875e+03
1.512363427257044403e-02,-1.888980164135495897e+03
1.518113858539390550e-02,-1.706087894992800102e+03
1.523864289821736870e-02,-1.481137850727751356e+03
1.529614721104083017e-02,-1.219675407052387527e+03
1.535365152386429163e-02,-9.281460282896748595e+02
1.541115583668775310e-02,-6.137363764454476041e+02
1.546866014951121457e-02,-2.841971485807230806e+02
1.552616446233467604e-02,5.234799017552049349e+01
1.558366877515813924e-02,3.876026678685502134e+02
1.564117308798159897e-02,7.133023244575213084e+02
1.569867740080506044e-02,1.021417946340938784e+03
1.575618171362852538e-02,1.304353994288459035e+03
1.581368602645198684e-02,1.555135645541213989e+03
1.587119033927544831e-02,1.767580734265819729e+03
1.592869465209890978e-02,1.936452151756652484e+03
1.598619896492237125e-02,2.057586949479662508e+03
1.604370327774583271e-02,2.127998962362653856e+03
1.610120759056929418e-02,2.145952422505017694e+03
1.615871190339275565e-02,2.111004748612114327e+03
1.621621621621621712e-02,2.024017456326807860e+03
1.627372052903967858e-02,1.887134920501163833e+03
1.633122484186314005e-02,1.703731512952031608e+03
1.638872915468660152e-02,1.478328418838751531e+03
1.644623346751006646e-02,1.216482182271317924e+03
1.650373778033352792e-02,9.246477286768352997e+02
1.656124209315698939e-02,6.100192406400424261e+02
1.661874640598045086e-02,2.803528098815182830e+02
1.667625071880391233e-02,-5.622476271648486090e+01
1.673375503162737379e-02,-3.914163056535443843e+02
1.679125934445083526e-02,-7.169588152607799429e+02
1.684876365727429673e-02,-1.024827151859276455e+03
1.690626797009775820e-02,-1.307431872193530353e+03
1.696377228292121966e-02,-1.557806321256367482e+03
1.702127659574468113e-02,-1.769778371394828355e+03
1.707878090856814607e-02,-1.938122575055420157e+03
1.713628522139160754e-02,-2.058688980361974700e+03
1.719378953421506900e-02,-2.128505434017725293e+03
1.725129384703853047e-02,-2.145850849602498329e+03
1.730879815986199194e-02,-2.110297635085304591e+03
1.736630247268545341e-02,-2.022722233646725954e+03
1.742380678550891487e-02,-1.885283517963112672e+03
1.748131109833237634e-02,-1.701369570567780102e+03
1.753881541115583781e-02,-1.475514162237788469e+03
1.759631972397929928e-02,-1.213284987346673233e+03
1.765382403680276074e-02,-9.211464113591065370e+02
1.771132834962622221e-02,-6.063001139596357234e+02
1.776883266244968715e-02,-2.765075562154277122e+02
1.782633697527314862e-02,6.010135176081843156e+01
1.788384128809661008e-02,3.952286660018743305e+02
1.794134560092007155e-02,7.206129661781830009e+02
1.799884991374353302e-02,1.028233012724467699e+03
1.805635422656699449e-02,1.310505483129186359e+03
1.811385853939045595e-02,1.560471912873394103e+03
1.817136285221391742e-02,1.771970232628088752e+03
1.822886716503737889e-02,1.939786673045804491e+03
1.828637147786084036e-02,2.059784292452179216e+03
1.834387579068430182e-02,2.129004959025856351e+03
1.840138010350776676e-02,2.145742273444081547e+03
1.845888441633122823e-02,2.109583634335013357e+03
1.851638872915468970e-02,2.021420409556571258e+03
1.857389304197815116e-02,1.883425962563636631e+03
1.863139735480161263e-02,1.699002075548553194e+03
1.868890166762507410e-02,1.472695090109555849e+03
1.874640598044853557e-02,1.210083832712840604e+03
1.880391029327199703e-02,9.176420877634119506e+02
1.886141460609545850e-02,6.025790085420388777e+02
1.891891891891891997e-02,2.726614001319385920e+02
1.897642323174238144e-02,-6.397774465676685196e+01
1.903392754456584290e-02,-3.990397364714045239e+02
1.909143185738930784e-02,-7.242647652839459624e+02
1.914893617021276931e-02,-1.031635517821054464e+03
1.920644048303623078e-02,-1.313574817064297349e+03
1.926394479585969224e-02,-1.563132411692787855e+03
1.932144910868315371e-02,-1.774156310812175434e+03
1.937895342150661518e-02,-1.941444440296823814e+03
1.943645773433007665e-02,-2.060872882175594441e+03
1.949396204715353811e-02,-2.129497535756788238e+03
1.955146635997699958e-02,-2.145626694384119219e+03
1.960897067280046105e-02,-2.108862748691475190e+03
1.966647498562392252e-02,-2.020111988305017121e+03
1.972397929844738398e-02,-1.881562260365109751e+03
1.978148361127084892e-02,-1.696629035620961304e+03
1.983898792409431039e-02,-1.469871211654474109e+03
1.989649223691777186e-02,-1.206878728817244337e+03
1.995399654974123332e-02,-9.141347693266104670e+02
2.001150086256469479e-02,-5.988559365315652485e+02
2.006900517538815626e-02,-2.688143541834378993e+02
2.012650948821161773e-02,6.785392875326168394e+01
2.018401380103507919e-02,4.028495046242539956e+02
2.024151811385854066e-02,7.279142006599461183e+02
2.029902242668200213e-02,1.035034656044517305e+03
2.035652673950546360e-02,1.316639863981690951e+03
2.041403105232892853e-02,1.565787809031673987e+03
2.047153536515239000e-02,1.776336598812545390e+03
2.052903967797585147e-02,1.943095871398138343e+03
2.058654399079931294e-02,2.061954745979466225e+03
2.064404830362277440e-02,2.129983162602931770e+03
2.070155261644623587e-02,2.145504112799817449e+03
2.075905692926969734e-02,2.108134980507385990e+03
2.081656124209315881e-02,2.018796974162251445e+03
2.087406555491662027e-02,1.879692417449945879e+03
2.093156986774008174e-02,1.694250458529757907e+03
2.098907418056354321e-02,1.467042536088639963e+03
2.104657849338700468e-02,1.203669686120158985e+03
2.110408280621046961e-02,9.106244674952660034e+02
2.116158711903393108e-02,5.951309100789317199e+02
2.121909143185739255e-02,2.649664309252621592e+02
2.127659574468085402e-02,-7.172989139987016927e+01
2.133410005750431548e-02,-4.066579580267470533e+02
2.139160437032777695e-02,-7.315612603958177260e+02
2.144910868315123842e-02,-1.038430416301365085e+03
2.150661299597469989e-02,-1.319700613878222839e+03
2.156411730879816135e-02,-1.568438096223816956e+03
2.162162162162162282e-02,-1.778511089513544448e+03
2.167912593444508429e-02,-1.944740960960087477e+03
2.173663024726854576e-02,-2.063029880332990615e+03
2.179413456009201069e-02,-2.130461837979382381e+03
2.185163887291547216e-02,-2.145374529091237036e+03
2.190914318573893363e-02,-2.107400332157912089e+03
2.196664749856239510e-02,-2.017475371419994417e+03
2.202415181138585656e-02,-1.877816439920621178e+03
2.208165612420931803e-02,-1.691866352037683328e+03
2.213916043703277950e-02,-1.464209072643749323e+03
2.219666474985624097e-02,-1.200456715094651372e+03
2.225416906267970243e-02,-9.071111937257205682e+02
2.231167337550316390e-02,-5.914039413412627937e+02
2.236917768832662537e-02,-2.611176429156265044e+02
2.242668200115009031e-02,7.560561994689756204e+01
2.248418631397355177e-02,4.104650842495139500e+02
2.254169062679701324e-02,7.352059325889052843e+02
2.259919493962047471e-02,1.041822787509091086e+03
2.265669925244393618e-02,1.322757056764736035e+03
2.271420356526739764e-02,1.571083264619689089e+03
2.277170787809085911e-02,1.780679775818463668e+03
2.282921219091432058e-02,1.946379703613725724e+03
2.288671650373778205e-02,2.064098281727339327e+03
2.294422081656124351e-02,2.130933560323921483e+03
2.300172512938470498e-02,2.145237943681291199e+03
2.305922944220816645e-02,2.106658806040674335e+03
2.311673375503163139e-02,2.016147184391463725e+03
2.317423806785509285e-02,1.875934333899625699e+03
2.323174238067855432e-02,1.689476723925590250e+03
2.328924669350201579e-02,1.461370830567190524e+03
2.334675100632547726e-02,1.197239826226684045e+03
2.340425531914893872e-02,9.035949594839324845e+02
2.346175963197240019e-02,5.876750424819341561e+02
2.351926394479586166e-02,2.572680027154619893e+02
2.357676825761932313e-02,-7.948110174538260253e+01
2.363427257044278459e-02,-4.142708708675012304e+02
2.369177688326624606e-02,-7.388482053443310633e+02
2.374928119608970753e-02,-1.045211758596248728e+03
2.380678550891317247e-02,-1.325809182666142078e+03
2.386428982173663393e-02,-1.573723305586428523e+03
2.392179413456009540e-02,-1.782842650649512734e+03
2.397929844738355687e-02,-1.948012094010796091e+03
2.403680276020701834e-02,-2.065159946675644278e+03
2.409430707303047980e-02,-2.131398328097024205e+03
2.415181138585394127e-02,-2.145094357015743299e+03
2.420931569867740274e-02,-2.105910404575734447e+03
2.426682001150086421e-02,-2.014812417411371825e+03
2.432432432432432567e-02,-1.874046105529451324e+03
2.438182863714778714e-02,-1.687081581992341626e+03
2.443933294997125208e-02,-1.458527819121926768e+03
2.449683726279471355e-02,-1.194019030014968848e+03
2.455434157561817501e-02,-9.000757762456051978e+02
2.461184588844163648e-02,-5.839442256706940952e+02
2.466935020126509795e-02,-2.534175228886325044e+02
2.472685451408855942e-02,8.335632414727604100e+01
2.478435882691202088e-02,4.180753054600576775e+02
2.484186313973548235e-02,7.424880667751484680e+02
2.489936745255894382e-02,1.048597318502515691e+03
2.495687176538240529e-02,1.328856981621430577e+03
2.501437607820586675e-02,1.576358210507937429e+03
2.507188039102932822e-02,1.784999706947867026e+03
2.512938470385279316e-02,1.949638126823805351e+03
2.518688901667625463e-02,2.066214871713023967e+03
2.524439332949971609e-02,2.131856139781866204e+03
2.530189764232317756e-02,2.144943769563205933e+03
2.535940195514663903e-02,2.105155130205589103e+03
2.541690626797010050e-02,2.013471074835883201e+03
2.547441058079356196e-02,1.872151760972576767e+03
2.553191489361702343e-02,1.684680934054758154e+03
2.558941920644048490e-02,1.455680047586496812e+03
2.564692351926394637e-02,1.190794336971019675e+03
2.570442783208740783e-02,8.965536554960523290e+02
2.576193214491086930e-02,5.802115030835794869e+02
2.581943645773433424e-02,2.495662160016058522e+02
2.587694077055779571e-02,-8.723127450522281379e+01
2.593444508338125717e-02,-4.218783756109590968e+02
2.599194939620471864e-02,-7.461255050021372881e+02
2.604945370902818011e-02,-1.051979456178714827e+03
2.610695802185164158e-02,-1.331900443683734693e+03
2.616446233467510304e-02,-1.578987970784890649e+03
2.622196664749856451e-02,-1.787150937673708540e+03
2.627947096032202598e-02,-1.951257796745963788e+03
2.633697527314548745e-02,-2.067263053396601208e+03
2.639447958596894891e-02,-2.132306993884313670e+03
2.645198389879241385e-02,-2.144786181815142299e+03
2.650948821161587532e-02,-2.104392985395177675e+03
2.656699252443933679e-02,-2.012123161042660286e+03
2.662449683726279825e-02,-1.870251306411414134e+03
2.668200115008625972e-02,-1.682274787947696041e+03
2.673950546290972119e-02,-1.452827525254929924e+03
2.679700977573318266e-02,-1.187565757619005353e+03
2.685451408855664412e-02,-8.930286087301195721e+02
2.691201840138010559e-02,-5.764768869027737992e+02
2.696952271420356706e-02,-2.457140946236701495e+02
2.702702702702702853e-02,9.110594017286233282e+01
2.708453133985048999e-02,4.256800689083448219e+02
2.714203565267395493e-02,7.497605081541146319e+02
2.719953996549741640e-02,1.055358160586758686e+03
2.725704427832087787e-02,1.334939558920355466e+03
2.731454859114433933e-02,1.581612577834691365e+03
2.737205290396780080e-02,1.789296335806240450e+03
2.742955721679126227e-02,1.952871098491286830e+03
2.748706152961472374e-02,2.068304488305509494e+03
2.754456584243818520e-02,2.132750888932951057e+03
2.760207015526164667e-02,2.144621594285859373e+03
2.765957446808510814e-02,2.103623972631869037e+03
2.771707878090856961e-02,2.010768680430780478e+03
2.777458309373203454e-02,1.868344748048366228e+03
2.783208740655549601e-02,1.679863151523879878e+03
2.788959171937895748e-02,1.449970261436838427e+03
2.794709603220241895e-02,1.184333302495777616e+03
2.800460034502588041e-02,8.895006474522983808e+02
2.806210465784934188e-02,5.727403893166401758e+02
2.811960897067280335e-02,2.418611713266809033e+02
2.817711328349626482e-02,-9.498030850476317255e+01
2.823461759631972628e-02,-4.294803729449374146e+02
2.829212190914318775e-02,-7.533930643677305170e+02
2.834962622196664922e-02,-1.058733420699844373e+03
2.840713053479011069e-02,-1.337974317412707251e+03
2.846463484761357562e-02,-1.584232023091643214e+03
2.852213916043703709e-02,-1.791435894343651171e+03
2.857964347326049856e-02,-1.954478026794571861e+03
2.863714778608396003e-02,-2.069339173040879359e+03
2.869465209890742149e-02,-2.133187823479073813e+03
2.875215641173088296e-02,-2.144450007512508364e+03
2.880966072455434443e-02,-2.102848094425408362e+03
2.886716503737780590e-02,-2.009407637420762285e+03
2.892466935020126736e-02,-1.866432092105713309e+03
2.898217366302472883e-02,-1.677446032654047031e+03
2.903967797584819030e-02,-1.447108265457242169e+03
2.909718228867165177e-02,-1.181096982150939539e+03
2.915468660149511670e-02,-8.859697831764816556e+02
2.921219091431857817e-02,-5.690020225197702075e+02
2.926969522714203964e-02,-2.380074586851107199e+02
2.932719953996550111e-02,9.885436685637289145e+01
2.938470385278896257e-02,4.332792753179934948e+02
2.944220816561242404e-02,7.570231617877062718e+02
2.949971247843588551e-02,1.062105225502409212e+03
2.955721679125934698e-02,1.341004709256495516e+03
2.961472110408280844e-02,1.586846298006814095e+03
2.967222541690626991e-02,1.793569606303236696e+03
2.972972972972973138e-02,1.956078576411380027e+03
2.978723404255319632e-02,2.070367104225901130e+03
2.984473835537665778e-02,2.133617796096684287e+03
2.990224266820011925e-02,2.144271422055083804e+03
2.995974698102358072e-02,2.102065353307991700e+03
3.001725129384704219e-02,2.008040036454530991e+03
3.007475560667050365e-02,1.864513344825650393e+03
3.013225991949396512e-02,1.675023439226695245e+03
3.018976423231742659e-02,1.444241546656627861e+03
3.024726854514088806e-02,1.177856807146530400e+03
3.030477285796434953e-02,8.824360274261475752e+02
3.036227717078781099e-02,5.652617987127680408e+02
3.041978148361127246e-02,2.341529692760992987e+02
3.047728579643473740e-02,-1.027281025842725199e+02
3.053479010925819886e-02,-4.370767636292544580e+02
3.059229442208166033e-02,-7.606507885667881510e+02
3.064979873490512180e-02,-1.065473563990089133e+03
3.070730304772858327e-02,-1.344030724561677062e+03
3.076480736055204473e-02,-1.589455394048207609e+03
3.082231167337550620e-02,-1.795697464721374899e+03
3.087981598619896767e-02,-1.957672742118128099e+03
3.093732029902242914e-02,-2.071388278505776270e+03
3.099482461184589061e-02,-2.134040805382515373e+03
3.105232892466935207e-02,-2.144085838496424003e+03
3.110983323749281354e-02,-2.101275751834186849e+03
3.116733755031627848e-02,-2.006665881995447307e+03
3.122484186313973994e-02,-1.862588512470236537e+03
3.128234617596319794e-02,-1.672595379148322309e+03
3.133985048878665941e-02,-1.441370114390894287e+03
3.139735480161012088e-02,-1.174612788057347871e+03
3.145485911443358928e-02,-8.788993917340997086e+02
3.151236342725705075e-02,-5.615197301022980128e+02
3.156986774008051222e-02,-2.302977156792001097e+02
3.162737205290397369e-02,1.066015030459742263e+02
3.168487636572743515e-02,4.408728254851961879e+02
3.174238067855089662e-02,7.642759328656995876e+02
3.179988499137435809e-02,1.068838425169937409e+03
3.185738930419781956e-02,1.347052353452419766e+03
3.191489361702128102e-02,1.592059302700728495e+03
3.197239792984474249e-02,1.797819462653497112e+03
3.202990224266820396e-02,1.959260518712066187e+03
3.208740655549166543e-02,2.072402692547780134e+03
3.214491086831512690e-02,2.134456849956025962e+03
3.220241518113858836e-02,2.143893257442203776e+03
3.225991949396204983e-02,2.100479292580952460e+03
3.231742380678551130e-02,2.005285178528226879e+03
3.237492811960897277e-02,1.860657601321436232e+03
3.243243243243243423e-02,1.670161860343190028e+03
3.248993674525589570e-02,1.438493978031302277e+03
3.254744105807935717e-02,1.171364935470633554e+03
3.260494537090281864e-02,8.753598876426798370e+02
3.266244968372628010e-02,5.577758289011629813e+02
3.271995399654974157e-02,2.264417104766123146e+02
3.277745830937320304e-02,-1.104745556001452229e+02
3.283496262219667144e-02,-4.446674484968305023e+02
3.289246693502013291e-02,-7.678985828533805034e+02
3.294997124784359438e-02,-1.072199798060250941e+03
3.300747556066705585e-02,-1.350069586067302907e+03
3.306497987349051731e-02,-1.594658015466150800e+03
3.312248418631397878e-02,-1.799935593174227733e+03
3.317998849913744025e-02,-1.960841901011260006e+03
3.323749281196090172e-02,-2.073410343041252872e+03
3.329499712478436318e-02,-2.134865928459395946e+03
3.335250143760782465e-02,-2.143693679520933983e+03
3.341000575043128612e-02,-2.099675978147646219e+03
3.346751006325474759e-02,-2.003897930558960525e+03
3.352501437607820906e-02,-1.858720617681007298e+03
3.358251868890167052e-02,-1.667722890753376078e+03
3.364002300172513199e-02,-1.435613146964532007e+03
3.369752731454859346e-02,-1.168113259986139838e+03
3.375503162737205493e-02,-8.718175267034240505e+02
3.381253594019551639e-02,-5.540301073279408683e+02
3.387004025301897786e-02,-2.225849662528061117e+02
3.392754456584243933e-02,1.143472476066796304e+02
3.398504887866590080e-02,4.484606202799250241e+02
3.404255319148936226e-02,7.715187267067684616e+02
3.410005750431282373e-02,1.075557671690763982e+03
3.415756181713629214e-02,1.353082412559158684e+03
3.421506612995975360e-02,1.597251523863286820e+03
3.427257044278321507e-02,1.802045849377273726e+03
3.433007475560667654e-02,1.962416883854692742e+03
3.438757906843013801e-02,2.074411226697583515e+03
3.444508338125359947e-02,2.135268039557551674e+03
3.450258769407706094e-02,2.143487105383965172e+03
3.456009200690052241e-02,2.098865811155974370e+03
3.461759631972398388e-02,2.002504142615128330e+03
3.467510063254744535e-02,1.856777567870525672e+03
3.473260494537090681e-02,1.665278478338804916e+03
3.479010925819436828e-02,1.432727630592494734e+03
3.484761357101782975e-02,1.164857772216172407e+03
3.490511788384129122e-02,8.682723204772759118e+02
3.496262219666475268e-02,5.502825776073563020e+02
3.502012650948821415e-02,2.187274955947543731e+02
3.507763082231167562e-02,-1.182195664264654056e+02
3.513513513513513709e-02,-4.522523284550727567e+02
3.519263944795859855e-02,-7.751363526111513238e+02
3.525014376078206002e-02,-1.078912035102709751e+03
3.530764807360552149e-02,-1.356090823095246151e+03
3.536515238642898296e-02,-1.599839819427832708e+03
3.542265669925244442e-02,-1.804150224375563539e+03
3.548016101207591283e-02,-1.963985462102183874e+03
3.553766532489937430e-02,-2.075405340250276822e+03
3.559516963772283576e-02,-2.135663181938146863e+03
3.565267395054629723e-02,-2.143273535705475751e+03
3.571017826336975870e-02,-2.098048794250032188e+03
3.576768257619322017e-02,-2.001103819245512113e+03
3.582518688901668164e-02,-1.854828458231411105e+03
3.588269120184014310e-02,-1.662828631077087266e+03
3.594019551466360457e-02,-1.429837438332484226e+03
3.599769982748706604e-02,-1.161598482785376291e+03
3.605520414031052751e-02,-8.647242805345202896e+02
3.611270845313398897e-02,-5.465332519698882834e+02
3.617021276595745044e-02,-2.148693110918617037e+02
3.622771707878091191e-02,1.220914994217608296e+02
3.628522139160437338e-02,4.560425606474646543e+02
3.634272570442783484e-02,7.787514487599487438e+02
3.640023001725129631e-02,1.082262877348646043e+03
3.645773433007475778e-02,1.359094807857307842e+03
3.651523864289821925e-02,1.602422893712639734e+03
3.657274295572168071e-02,1.806248711301202775e+03
3.663024726854514218e-02,1.965547630634492180e+03
3.668775158136860365e-02,2.076392680454894617e+03
3.674525589419206512e-02,2.136051354311586692e+03
3.680276020701553352e-02,2.143052971182479723e+03
3.686026451983899499e-02,2.097224930096243952e+03
3.691776883266245646e-02,1.999696965020266589e+03
3.697527314548591792e-02,1.852873295124798915e+03
3.703277745830937939e-02,1.660373356963648348e+03
3.709028177113284086e-02,1.426942579616963258e+03
3.714778608395630233e-02,1.158335402330907073e+03
3.720529039677976380e-02,8.611734184545789503e+02
3.726279470960322526e-02,5.427821426519944907e+02
3.732029902242668673e-02,2.110104253357409334e+02
3.737780333525014820e-02,-1.259630339559919037e+02
3.743530764807360967e-02,-4.598313044872578530e+02
3.749281196089707113e-02,-7.823640033548084602e+02
3.755031627372053260e-02,-1.085610187492648720e+03
3.760782058654399407e-02,-1.362094357041411740e+03
3.766532489936745554e-02,-1.605000738287456898e+03
3.772282921219091700e-02,-1.808341303305530346e+03
3.778033352501437847e-02,-1.967103384353282991e+03
3.783783783783783994e-02,-2.077373244089157652e+03
3.789534215066130141e-02,-2.136432555411022349e+03
3.795284646348476287e-02,-2.142825412534816223e+03
3.801035077630822434e-02,-2.096394221383415243e+03
3.806785508913168581e-02,-1.998283584530827738e+03
3.812535940195514728e-02,-1.850912084931657773e+03
3.818286371477861568e-02,-1.657912664011547804e+03
3.824036802760207715e-02,-1.424043063893715043e+03
3.829787234042553862e-02,-1.155068541502189191e+03
3.835537665324900009e-02,-8.576197458261956399e+02
3.841288096607246155e-02,-5.390292618958360435e+02
3.847038527889592302e-02,-2.071508509203845847e+02
3.852788959171938449e-02,1.298341573938851354e+02
3.858539390454284596e-02,4.636185476093772309e+02
3.864289821736630742e-02,7.859740046056728033e+02
3.870040253018976889e-02,1.088953954610399705e+03
3.875790684301323036e-02,1.365089460858125904e+03
3.881541115583669183e-02,1.607573344739202639e+03
3.887291546866015329e-02,1.810427993559073911e+03
3.893041978148361476e-02,1.968652718181169121e+03
3.898792409430707623e-02,2.078347027952849658e+03
3.904542840713053770e-02,2.136806783992358760e+03
3.910293271995399916e-02,2.142590860505151795e+03
3.916043703277746063e-02,2.095556670822642445e+03
3.921794134560092210e-02,1.996863682389941232e+03
3.927544565842438357e-02,1.848944834052583246e+03
3.933294997124784503e-02,1.655446560251626352e+03
3.939045428407130650e-02,1.421138900625653378e+03
3.944795859689476797e-02,1.151797910961113303e+03
3.950546290971823638e-02,8.540632742471749452e+02
3.956296722254169784e-02,5.352746219494440538e+02
3.962047153536515931e-02,2.032906004420326838e+02
3.967797584818862078e-02,-1.337048571016000551e+02
3.973548016101208225e-02,-4.674042776536456927e+02
3.979298447383554371e-02,-7.895814407309025000e+02
3.985048878665900518e-02,-1.092294167789039193e+03
3.990799309948246665e-02,-1.368080109532596907e+03
3.996549741230592812e-02,-1.610140704671809544e+03
4.002300172512938958e-02,-1.812508775251689258e+03
4.008050603795285105e-02,-1.970195627061678806e+03
4.013801035077631252e-02,-2.079314028867918296e+03
4.019551466359977399e-02,-2.137174038834246858e+03
4.025301897642323545e-02,-2.142349315858974933e+03
4.031052328924669692e-02,-2.094712281147397789e+03
4.036802760207015839e-02,-1.995437263231626730e+03
4.042553191489361986e-02,-1.846971548907994702e+03
4.048303622771708132e-02,-1.652975053732248170e+03
4.054054054054054279e-02,-1.418230099290883345e+03
4.059804485336400426e-02,-1.148523521381694081e+03
4.065554916618746573e-02,-8.505040153245961392e+02
4.071305347901092719e-02,-5.315182350666201501e+02
4.077055779183438866e-02,-1.994296864991014218e+02
4.082806210465785707e-02,1.375751204465572073e+02
4.088556641748131854e-02,4.711884822649135458e+02
4.094307073030478000e-02,7.931862999571163755e+02
4.100057504312824147e-02,1.095630816127411208e+03
4.105807935595170294e-02,1.371066293304417513e+03
4.111558366877516441e-02,1.612702809706413973e+03
4.117308798159862587e-02,1.814583641592448657e+03
4.123059229442208734e-02,1.971732105959358250e+03
4.128809660724554881e-02,2.080274243678419680e+03
4.134560092006901028e-02,2.137534318738110414e+03
4.140310523289247174e-02,2.142100779384600173e+03
4.146060954571593321e-02,2.093861055113440216e+03
4.151811385853939468e-02,1.994004331711206078e+03
4.157561817136285615e-02,1.844992235937926125e+03
4.163312248418631761e-02,1.650498152519546238e+03
4.169062679700977908e-02,1.415316669382622649e+03
4.174813110983324055e-02,1.145245383450392865e+03
4.180563542265670202e-02,8.469419806744391508e+02
4.186313973548016348e-02,5.277601135067199039e+02
4.192064404830362495e-02,1.955681216920810357e+02
4.197814836112708642e-02,-1.414449347976622846e+02
4.203565267395054789e-02,-4.749711490928607986e+02
4.209315698677400935e-02,-7.967885705193998547e+02
4.215066129959747082e-02,-1.098963888735863065e+03
4.220816561242093923e-02,-1.374048002427845404e+03
4.226566992524440070e-02,-1.615259651481221226e+03
4.232317423806786216e-02,-1.816652585809795710e+03
4.238067855089132363e-02,-1.973262149859689998e+03
4.243818286371478510e-02,-2.081227669250585222e+03
4.249568717653824657e-02,-2.137887622528124666e+03
4.255319148936170803e-02,-2.141845251893154909e+03
4.261069580218516950e-02,-2.093002995498867222e+03
4.266820011500863097e-02,-1.992564892505209855e+03
4.272570442783209244e-02,-1.843006901602147991e+03
4.278320874065555390e-02,-1.648015864697161987e+03
4.284071305347901537e-02,-1.412398620409264822e+03
4.289821736630247684e-02,-1.141963507865777046e+03
4.295572167912593831e-02,-8.433771819219391546e+02
4.301322599194939977e-02,-5.240002695348488260e+02
4.307073030477286124e-02,-1.917059186237683264e+02
4.312823461759632271e-02,1.453142875253775230e+02
4.318573893041978418e-02,4.787522657923645397e+02
4.324324324324324564e-02,8.003882406613720377e+02
4.330074755606670711e-02,1.102293374736568694e+03
4.335825186889016858e-02,1.377025227171625147e+03
4.341575618171363005e-02,1.617811221651655160e+03
4.347326049453709151e-02,1.818715601151420742e+03
4.353076480736055992e-02,1.974785753769205712e+03
4.358826912018402139e-02,2.082174302472775253e+03
4.364577343300748286e-02,2.138233949051243144e+03
4.370327774583094432e-02,2.141582734218588485e+03
4.376078205865440579e-02,2.092138105104051647e+03
4.381828637147786726e-02,1.991118950311453091e+03
4.387579068430132873e-02,1.841015552380018335e+03
4.393329499712479019e-02,1.645528198366395145e+03
4.399079930994825166e-02,1.409475961894186185e+03
4.404830362277171313e-02,1.138677905338713799e+03
4.410580793559517460e-02,8.398096307012120860e+02
4.416331224841863606e-02,5.202387154217927900e+02
4.422081656124209753e-02,1.878430898988910940e+02
4.427832087406555900e-02,-1.491831660014892122e+02
4.433582518688902047e-02,-4.825318200232717913e+02
4.439332949971248193e-02,-8.039852986349687853e+02
4.445083381253594340e-02,-1.105619263263329231e+03
4.450833812535940487e-02,-1.379997957819277417e+03
4.456584243818286634e-02,-1.620357511890403202e+03
4.462334675100632780e-02,-1.820772680884460669e+03
4.468085106382978927e-02,-1.976302912715395678e+03
4.473835537665325074e-02,-2.083114140255532675e+03
4.479585968947671221e-02,-2.138573297177177210e+03
4.485336400230018061e-02,-2.141313227217656731e+03
4.491086831512364208e-02,-2.091266386751686241e+03
4.496837262794710355e-02,-1.989666509848928172e+03
4.502587694077056502e-02,-1.839018194770588934e+03
4.508338125359402648e-02,-1.643035161646020697e+03
4.514088556641748795e-02,-1.406548703375898867e+03
4.519838987924094942e-02,-1.135388586592131787e+03
4.525589419206441089e-02,-8.362393386554688277e+02
4.531339850488787235e-02,-5.164754634438006633e+02
4.537090281771133382e-02,-1.839796481243407129e+02
4.542840713053479529e-02,1.530515575994834876e+02
4.548591144335825676e-02,4.863097994504694270e+02
4.554341575618171822e-02,8.075797327007925333e+02
4.560092006900517969e-02,1.108941543461633955e+03
4.565842438182864116e-02,1.382966184668919368e+03
4.571592869465210263e-02,1.622898513887264698e+03
4.577343300747556409e-02,1.822823818295374622e+03
4.583093732029902556e-02,1.977813621746855461e+03
4.588844163312248703e-02,2.084047179531599795e+03
4.594594594594594850e-02,2.138905665798430164e+03
4.600345025876940996e-02,2.141036731769936978e+03
4.606095457159287143e-02,2.090387843286734551e+03
4.611845888441633290e-02,1.988207575857893062e+03
4.617596319723980131e-02,1.837014835292457974e+03
4.623346751006326277e-02,1.640536762672418490e+03
4.629097182288672424e-02,1.403616854407835035e+03
4.634847613571018571e-02,1.132095562361190787e+03
4.640598044853364718e-02,8.326663174367536158e+02
4.646348476135710864e-02,5.127105258827808711e+02
4.652098907418057011e-02,1.801156059088876589e+02
4.657849338700403158e-02,-1.569194496943138120e+02
4.663599769982749305e-02,-4.900861917441026776e+02
4.669350201265095451e-02,-8.111715311278961735e+02
4.675100632547441598e-02,-1.112260204488853105e+03
4.680851063829787745e-02,-1.385929898033319887e+03
4.686601495112133892e-02,-1.625434219349398518e+03
4.692351926394480038e-02,-1.824869006689984644e+03
4.698102357676826185e-02,-1.979317875933182677e+03
4.703852788959172332e-02,-2.084973417255870118e+03
4.709603220241518479e-02,-2.139231053830274050e+03
4.715353651523864625e-02,-2.140753248777799399e+03
4.721104082806210772e-02,-2.089502477576420461e+03
4.726854514088556919e-02,-1.986742153099717370e+03
4.732604945370903066e-02,-1.835005480483889869e+03
4.738355376653249212e-02,-1.638033009599430216e+03
4.744105807935595359e-02,-1.400680424558548111e+03
4.749856239217941506e-02,-1.128798843393066591e+03
4.755606670500288347e-02,-8.290905787061016099e+02
4.761357101782634493e-02,-5.089439150260245128e+02
4.767107533064980640e-02,-1.762509758633837293e+02
4.772857964347326787e-02,1.607868296626550944e+02
4.778608395629672934e-02,4.938609845794076136e+02
4.784358826912019080e-02,8.147606821940474902e+02
4.790109258194365227e-02,1.115575235514064389e+03
4.795859689476711374e-02,1.388889088240048977e+03
4.801610120759057521e-02,1.627964620001187996e+03
4.807360552041403667e-02,1.826908239393591202e+03
4.813110983323749814e-02,1.980815670365065216e+03
4.818861414606095961e-02,2.085892850405435183e+03
4.824611845888442108e-02,2.139549460210761481e+03
4.830362277170788254e-02,2.140462779166427936e+03
4.836112708453134401e-02,2.088610292510246836e+03
4.841863139735480548e-02,1.985270246357039923e+03
4.847613571017826695e-02,1.832990136902604945e+03
4.853364002300172841e-02,1.635523910598311659e+03
4.859114433582518988e-02,1.397739423411309417e+03
4.864864864864865135e-02,1.125498440446992390e+03
4.870615296147211282e-02,8.255121341334448744e+02
4.876365727429557428e-02,5.051756431664318825e+02
4.882116158711903575e-02,1.723857706005382795e+02
4.887866589994250416e-02,-1.646536848828536961e+02
4.893617021276596563e-02,-4.976341656368104509e+02
4.899367452558942709e-02,-8.183471741855690880e+02
4.905117883841288856e-02,-1.118886625718296045e+03
4.910868315123635003e-02,-1.391843745631437741e+03
4.916618746405981150e-02,-1.630489707584310963e+03
4.922369177688327296e-02,-1.828941509750884052e+03
4.928119608970673443e-02,-1.982307000154249636e+03
4.933870040253019590e-02,-2.086805475979637777e+03
4.939620471535365737e-02,-2.139860883900727913e+03
4.945370902817711883e-02,-2.140165323883808014e+03
4.951121334100058030e-02,-2.087711290999979155e+03
4.956871765382404177e-02,-1.983791860433568672e+03
4.962622196664750324e-02,-1.830968811125964521e+03
4.968372627947096470e-02,-1.633009473857864350e+03
4.974123059229442617e-02,-1.394793860564518127e+03
4.979873490511788764e-02,-1.122194364294329034e+03
4.985623921794134911e-02,-8.219309953973777283e+02
4.991374353076481057e-02,-5.014057226021166116e+02
4.997124784358827204e-02,-1.685200027348467700e+02
5.002875215641173351e-02,1.685200027348467984e+02
5.008625646923519498e-02,5.014057226021759561e+02
5.014376078205865644e-02,8.219309953974342307e+02
5.020126509488212485e-02,1.122194364294381330e+03
5.025876940770558632e-02,1.394793860564564511e+03
5.031627372052904779e-02,1.633009473857903913e+03
5.037377803335250925e-02,1.830968811125996126e+03
5.043128234617597072e-02,1.983791860433592092e+03
5.048878665899943219e-02,2.087711290999993253e+03
5.054629097182289366e-02,2.140165323883813016e+03
5.060379528464635512e-02,2.139860883900722911e+03
5.066129959746981659e-02,2.086805475979623225e+03
5.071880391029327806e-02,1.982307000154226216e+03
5.077630822311673953e-02,1.828941509750852219e+03
5.083381253594020099e-02,1.630489707584271173e+03
5.089131684876366246e-02,1.391843745631391357e+03
5.094882116158712393e-02,1.118886625718243977e+03
5.100632547441058540e-02,8.183471741855126993e+02
5.106382978723404686e-02,4.976341656367511064e+02
5.112133410005750833e-02,1.646536848827928736e+02
5.117883841288096980e-02,-1.723857706005382795e+02
5.123634272570443127e-02,-5.051756431664318825e+02
5.129384703852789273e-02,-8.255121341335011493e+02
5.135135135135135420e-02,-1.125498440447044231e+03
5.140885566417481567e-02,-1.397739423411309417e+03
5.146635997699827714e-02,-1.635523910598311659e+03
5.152386428982173860e-02,-1.832990136902636777e+03
5.158136860264520701e-02,-1.985270246357063343e+03
5.163887291546866848e-02,-2.088610292510260933e+03
5.169637722829212995e-02,-2.140462779166432483e+03
5.175388154111559141e-02,-2.139549460210756479e+03
5.181138585393905288e-02,-2.085892850405421086e+03
5.186889016676251435e-02,-1.980815670365041797e+03
5.192639447958597582e-02,-1.826908239393558915e+03
5.198389879240943728e-02,-1.627964620001148205e+03
5.204140310523289875e-02,-1.388889088240002366e+03
5.209890741805636022e-02,-1.115575235514012320e+03
5.215641173087982169e-02,-8.147606821939909878e+02
5.221391604370328315e-02,-4.938609845793482123e+02
5.227142035652674462e-02,-1.607868296625942719e+02
5.232892466935020609e-02,1.762509758634445518e+02
5.238642898217366756e-02,5.089439150260837437e+02
5.244393329499712902e-02,8.290905787061578849e+02
5.250143760782059049e-02,1.128798843393118204e+03
5.255894192064405196e-02,1.400680424558548111e+03
5.261644623346751343e-02,1.638033009599430216e+03
5.267395054629097489e-02,1.835005480483889869e+03
5.273145485911443636e-02,1.986742153099740335e+03
5.278895917193789783e-02,2.089502477576420461e+03
5.284646348476135930e-02,2.140753248777799399e+03
5.290396779758482770e-02,2.139231053830268593e+03
5.296147211040828917e-02,2.084973417255856020e+03
5.301897642323175064e-02,1.979317875933159030e+03
5.307648073605521211e-02,1.824869006689952357e+03
5.313398504887867357e-02,1.625434219349358500e+03
5.319148936170213504e-02,1.385929898033296467e+03
5.324899367452559651e-02,1.112260204488774889e+03
5.330649798734905798e-02,8.111715311278396712e+02
5.336400230017251944e-02,4.900861917440432762e+02
5.342150661299598091e-02,1.569194496942833723e+02
5.347901092581944238e-02,-1.801156059089788926e+02
5.353651523864290385e-02,-5.127105258828401020e+02
5.359401955146636531e-02,-8.326663174368098908e+02
5.365152386428982678e-02,-1.132095562361216935e+03
5.370902817711328825e-02,-1.403616854407904384e+03
5.376653248993674972e-02,-1.640536762672457826e+03
5.382403680276021118e-02,-1.837014835292489352e+03
5.388154111558367265e-02,-1.988207575857893062e+03
5.393904542840713412e-02,-2.090387843286741827e+03
5.399654974123059559e-02,-2.141036731769938797e+03
5.405405405405405705e-02,-2.138905665798430164e+03
5.411155836687751852e-02,-2.084047179531599795e+03
5.416906267970097999e-02,-1.977813621746843637e+03
5.422656699252444840e-02,-1.822823818295326191e+03
5.428407130534790986e-02,-1.622898513887224908e+03
5.434157561817137133e-02,-1.382966184668872529e+03
5.439907993099483280e-02,-1.108941543461607807e+03
5.445658424381829427e-02,-8.075797327007077229e+02
5.451408855664175573e-02,-4.863097994504099688e+02
5.457159286946521720e-02,-1.530515575994226367e+02
5.462909718228867867e-02,1.839796481243710957e+02
5.468660149511214014e-02,5.164754634438894527e+02
5.474410580793560160e-02,8.362393386555251027e+02
5.480161012075906307e-02,1.135388586592183628e+03
5.485911443358252454e-02,1.406548703375921832e+03
5.491661874640598601e-02,1.643035161646079587e+03
5.497412305922944747e-02,1.839018194770620312e+03
5.503162737205290894e-02,1.989666509848951137e+03
5.508913168487637041e-02,2.091266386751693517e+03
5.514663599769983188e-02,2.141313227217663098e+03
5.520414031052329334e-02,2.138573297177174481e+03
5.526164462334675481e-02,2.083114140255532675e+03
5.531914893617021628e-02,1.976302912715395678e+03
5.537665324899367775e-02,1.820772680884444298e+03
5.543415756181713921e-02,1.620357511890383194e+03
5.549166187464060068e-02,1.379997957819277417e+03
5.554916618746406909e-02,1.105619263263276935e+03
5.560667050028753056e-02,8.039852986349403636e+02
5.566417481311099202e-02,4.825318200231826609e+02
5.572167912593445349e-02,1.491831660014283329e+02
5.577918343875791496e-02,-1.878430898989518880e+02
5.583668775158137643e-02,-5.202387154218224623e+02
5.589419206440483789e-02,-8.398096307012963280e+02
5.595169637722829936e-02,-1.138677905338765413e+03
5.600920069005176083e-02,-1.409475961894232114e+03
5.606670500287522230e-02,-1.645528198366414927e+03
5.612420931569868376e-02,-1.841015552380065401e+03
5.618171362852214523e-02,-1.991118950311475828e+03
5.623921794134560670e-02,-2.092138105104065289e+03
5.629672225416906817e-02,-2.141582734218590303e+03
5.635422656699252963e-02,-2.138233949051234958e+03
5.641173087981599110e-02,-2.082174302472760246e+03
5.646923519263945257e-02,-1.974785753769182065e+03
5.652673950546291404e-02,-1.818715601151420742e+03
5.658424381828637550e-02,-1.617811221651635151e+03
5.664174813110983697e-02,-1.377025227171601500e+03
5.669925244393329844e-02,-1.102293374736568694e+03
5.675675675675675991e-02,-8.003882406613719240e+02
5.681426106958022137e-02,-4.787522657923347538e+02
5.687176538240368284e-02,-1.453142875253470834e+02
5.692926969522715125e-02,1.917059186238291204e+02
5.698677400805061272e-02,5.240002695349080568e+02
5.704427832087407418e-02,8.433771819219672352e+02
5.710178263369753565e-02,1.141963507865854353e+03
5.715928694652099712e-02,1.412398620409310979e+03
5.721679125934445859e-02,1.648015864697201096e+03
5.727429557216792005e-02,1.843006901602163680e+03
5.733179988499138152e-02,1.992564892505243961e+03
5.738930419781484299e-02,2.093002995498880864e+03
5.744680851063830446e-02,2.141845251893158547e+03
5.750431282346176592e-02,2.137887622528121938e+03
5.756181713628522739e-02,2.081227669250562485e+03
5.761932144910868886e-02,1.973262149859665897e+03
5.767682576193215033e-02,1.816652585809763423e+03
5.773433007475561179e-02,1.615259651481201217e+03
5.779183438757907326e-02,1.374048002427774918e+03
5.784933870040253473e-02,1.098963888735836690e+03
5.790684301322599620e-02,7.967885705193998547e+02
5.796434732604945766e-02,4.749711490928607418e+02
5.802185163887291913e-02,1.414449347976318450e+02
5.807935595169638060e-02,-1.955681216921114469e+02
5.813686026451984207e-02,-5.277601135067200175e+02
5.819436457734330354e-02,-8.469419806744391508e+02
5.825186889016677194e-02,-1.145245383450418785e+03
5.830937320299023341e-02,-1.415316669382691316e+03
5.836687751581369488e-02,-1.650498152519585119e+03
5.842438182863715634e-02,-1.844992235937957275e+03
5.848188614146061781e-02,-1.994004331711217446e+03
5.853939045428407928e-02,-2.093861055113460225e+03
5.859689476710754075e-02,-2.142100779384604266e+03
5.865439907993100221e-02,-2.137534318738104957e+03
5.871190339275446368e-02,-2.080274243678411949e+03
5.876940770557792515e-02,-1.971732105959322098e+03
5.882691201840138662e-02,-1.814583641592415916e+03
5.888441633122484808e-02,-1.612702809706373728e+03
5.894192064404830955e-02,-1.371066293304393866e+03
5.899942495687177102e-02,-1.095630816127332537e+03
5.905692926969523249e-02,-7.931862999570596457e+02
5.911443358251869395e-02,-4.711884822648540307e+02
5.917193789534215542e-02,-1.375751204465267676e+02
5.922944220816561689e-02,1.994296864991318046e+02
5.928694652098907836e-02,5.315182350666497086e+02
5.934445083381253983e-02,8.505040153245961392e+02
5.940195514663600129e-02,1.148523521381694081e+03
5.945945945945946276e-02,1.418230099290906082e+03
5.951696377228292423e-02,1.652975053732267497e+03
5.957446808510639263e-02,1.846971548908025625e+03
5.963197239792985410e-02,1.995437263231649240e+03
5.968947671075331557e-02,2.094712281147404155e+03
5.974698102357677704e-02,2.142349315858980844e+03
5.980448533640023850e-02,2.137174038834241401e+03
5.986198964922369997e-02,2.079314028867903289e+03
5.991949396204716144e-02,1.970195627061666755e+03
5.997699827487062291e-02,1.812508775251640145e+03
6.003450258769408437e-02,1.610140704671769072e+03
6.009200690051754584e-02,1.368080109532550068e+03
6.014951121334100731e-02,1.092294167789012818e+03
6.020701552616446878e-02,7.895814407308173486e+02
6.026451983898793024e-02,4.674042776535861208e+02
6.032202415181139171e-02,1.337048571015391474e+02
6.037952846463485318e-02,-2.032906004420630666e+02
6.043703277745831465e-02,-5.352746219495326159e+02
6.049453709028177611e-02,-8.540632742472308792e+02
6.055204140310523758e-02,-1.151797910961113303e+03
6.060954571592869905e-02,-1.421138900625699080e+03
6.066705002875216052e-02,-1.655446560251645678e+03
6.072455434157562199e-02,-1.848944834052598935e+03
6.078205865439908345e-02,-1.996863682389941232e+03
6.083956296722254492e-02,-2.095556670822655633e+03
6.089706728004601333e-02,-2.142590860505154069e+03
6.095457159286947479e-02,-2.136806783992350120e+03
6.101207590569293626e-02,-2.078347027952834196e+03
6.106958021851639773e-02,-1.968652718181144792e+03
6.112708453133985920e-02,-1.810427993559057541e+03
6.118458884416332066e-02,-1.607573344739141930e+03
6.124209315698678213e-02,-1.365089460858078837e+03
6.129959746981024360e-02,-1.088953954610346955e+03
6.135710178263370507e-02,-7.859740046056444953e+02
6.141460609545716653e-02,-4.636185476092878730e+02
6.147211040828062800e-02,-1.298341573938242277e+02
6.152961472110408947e-02,2.071508509204452935e+02
6.158711903392755094e-02,5.390292618958656021e+02
6.164462334675101240e-02,8.576197458262515738e+02
6.170212765957447387e-02,1.155068541502240350e+03
6.175963197239793534e-02,1.424043063893738008e+03
6.181713628522139681e-02,1.657912664011605784e+03
6.187464059804485828e-02,1.850912084931673235e+03
6.193214491086831974e-02,1.998283584530838880e+03
6.198964922369178121e-02,2.096394221383415243e+03
6.204715353651524268e-02,2.142825412534820316e+03
6.210465784933870415e-02,2.136432555411019621e+03
6.216216216216216561e-02,2.077373244089149921e+03
6.221966647498562708e-02,1.967103384353282991e+03
6.227717078780909549e-02,1.808341303305497377e+03
6.233467510063255695e-02,1.605000738287436661e+03
6.239217941345601842e-02,1.362094357041341027e+03
6.244968372627947989e-02,1.085610187492595969e+03
6.250718803910293442e-02,7.823640033547517305e+02
6.256469235192639589e-02,4.598313044872280102e+02
6.262219666474985735e-02,1.259630339559614498e+02
6.267970097757331882e-02,-2.110104253357409618e+02
6.273720529039678029e-02,-5.427821426520240493e+02
6.279470960322024176e-02,-8.611734184546068036e+02
6.285221391604370322e-02,-1.158335402330907073e+03
6.290971822886717857e-02,-1.426942579617054434e+03
6.296722254169064004e-02,-1.660373356963706556e+03
6.302472685451410150e-02,-1.852873295124845072e+03
6.308223116733756297e-02,-1.999696965020288644e+03
6.313973548016102444e-02,-2.097224930096269873e+03
6.319723979298448591e-02,-2.143052971182485180e+03
6.325474410580794737e-02,-2.136051354311580781e+03
6.331224841863140884e-02,-2.076392680454886431e+03
6.336975273145487031e-02,-1.965547630634455572e+03
6.342725704427833178e-02,-1.806248711301169806e+03
6.348476135710179324e-02,-1.602422893712599262e+03
6.354226566992525471e-02,-1.359094807857284195e+03
6.359976998274871618e-02,-1.082262877348566917e+03
6.365727429557217765e-02,-7.787514487598919004e+02
6.371477860839563911e-02,-4.560425606474348683e+02
6.377228292121910058e-02,-1.220914994216694396e+02
6.382978723404256205e-02,2.148693110919224409e+02
6.388729154686602352e-02,5.465332519699472869e+02
6.394479585968948498e-02,8.647242805345482566e+02
6.400230017251294645e-02,1.161598482785453371e+03
6.405980448533640792e-02,1.429837438332529700e+03
6.411730879815986939e-02,1.662828631077125692e+03
6.417481311098333085e-02,1.854828458231426566e+03
6.423231742380679232e-02,2.001103819245545083e+03
6.428982173663025379e-02,2.098048794250044921e+03
6.434732604945371526e-02,2.143273535705478935e+03
6.440483036227717673e-02,2.135663181938143680e+03
6.446233467510063819e-02,2.075405340250253175e+03
6.451983898792409966e-02,1.963985462102159318e+03
6.457734330074756113e-02,1.804150224375546941e+03
6.463484761357102260e-02,1.599839819427832708e+03
6.469235192639448406e-02,1.356090823095222504e+03
6.474985623921794553e-02,1.078912035102683603e+03
6.480736055204140700e-02,7.751363526111513238e+02
6.486486486486486847e-02,4.522523284550727567e+02
6.492236917768832993e-02,1.182195664264349517e+02
6.497987349051179140e-02,-2.187274955947847275e+02
6.503737780333525287e-02,-5.502825776073563020e+02
6.509488211615871434e-02,-8.682723204772759118e+02
6.515238642898217580e-02,-1.164857772216198100e+03
6.520989074180563727e-02,-1.432727630592517698e+03
6.526739505462909874e-02,-1.665278478338804916e+03
6.532489936745256021e-02,-1.856777567870525672e+03
6.538240368027602167e-02,-2.002504142615139244e+03
6.543990799309948314e-02,-2.098865811155980737e+03
6.549741230592294461e-02,-2.143487105383965172e+03
6.555491661874640608e-02,-2.135268039557551674e+03
6.561242093156988142e-02,-2.074411226697559869e+03
6.566992524439334289e-02,-1.962416883854655680e+03
6.572742955721680436e-02,-1.802045849377207560e+03
6.578493387004026582e-02,-1.597251523863205421e+03
6.584243818286372729e-02,-1.353082412559087516e+03
6.589994249568718876e-02,-1.075557671690737607e+03
6.595744680851065023e-02,-7.715187267066830827e+02
6.601495112133411169e-02,-4.484606202798653385e+02
6.607245543415757316e-02,-1.143472476066186942e+02
6.612995974698103463e-02,2.225849662528364661e+02
6.618746405980449610e-02,5.540301073280292030e+02
6.624496837262795756e-02,8.718175267034798708e+02
6.630247268545141903e-02,1.168113259986190997e+03
6.635997699827488050e-02,1.435613146964554744e+03
6.641748131109834197e-02,1.667722890753433603e+03
6.647498562392180343e-02,1.858720617681037766e+03
6.653248993674526490e-02,2.003897930558982125e+03
6.658999424956872637e-02,2.099675978147652586e+03
6.664749856239218784e-02,2.143693679520938986e+03
6.670500287521564931e-02,2.134865928459389579e+03
6.676250718803911077e-02,2.073410343041236956e+03
6.682001150086257224e-02,1.960841901011247501e+03
6.687751581368603371e-02,1.799935593174177939e+03
6.693502012650949518e-02,1.594658015466109873e+03
6.699252443933295664e-02,1.350069586067255614e+03
6.705002875215641811e-02,1.072199798060224566e+03
6.710753306497987958e-02,7.678985828532950109e+02
6.716503737780334105e-02,4.446674484967708167e+02
6.722254169062680251e-02,1.104745556001452229e+02
6.728004600345026398e-02,-2.264417104766123430e+02
6.733755031627372545e-02,-5.577758289011925399e+02
6.739505462909718692e-02,-8.753598876427075766e+02
6.745255894192064838e-02,-1.171364935470633554e+03
6.751006325474410985e-02,-1.438493978031302277e+03
6.756756756756757132e-02,-1.670161860343209128e+03
6.762507188039103279e-02,-1.860657601321451466e+03
6.768257619321449425e-02,-2.005285178528227107e+03
6.774008050603795572e-02,-2.100479292580952460e+03
6.779758481886141719e-02,-2.143893257442205595e+03
6.785508913168487866e-02,-2.134456849956022779e+03
6.791259344450834012e-02,-2.072402692547780134e+03
6.797009775733180159e-02,-1.959260518712066187e+03
6.802760207015526306e-02,-1.797819462653480514e+03
6.808510638297872453e-02,-1.592059302700708031e+03
6.814261069580218599e-02,-1.347052353452419766e+03
6.820011500862564746e-02,-1.068838425169937409e+03
6.825761932144912281e-02,-7.642759328656140951e+02
6.831512363427258427e-02,-4.408728254851065458e+02
6.837262794709604574e-02,-1.066015030458523256e+02
6.843013225991950721e-02,2.302977156793214419e+02
6.848763657274296868e-02,5.615197301023863474e+02
6.854514088556643014e-02,8.788993917341831548e+02
6.860264519838989161e-02,1.174612788057424723e+03
6.866014951121335308e-02,1.441370114390939534e+03
6.871765382403681455e-02,1.672595379148360507e+03
6.877515813686027601e-02,1.862588512470266778e+03
6.883266244968373748e-02,2.006665881995479594e+03
6.889016676250719895e-02,2.101275751834199127e+03
6.894767107533066042e-02,2.144085838496427186e+03
6.900517538815412188e-02,2.134040805382512190e+03
6.906267970097758335e-02,2.071388278505752169e+03
6.912018401380104482e-02,1.957672742118102860e+03
6.917768832662450629e-02,1.795697464721341476e+03
6.923519263944796776e-02,1.589455394048187145e+03
6.929269695227142922e-02,1.344030724561605666e+03
6.935020126509489069e-02,1.065473563990035927e+03
6.940770557791835216e-02,7.606507885667310802e+02
6.946520989074181363e-02,4.370767636292245584e+02
6.952271420356527509e-02,1.027281025841811015e+02
6.958021851638873656e-02,-2.341529692761599506e+02
6.963772282921219803e-02,-5.652617987127974857e+02
6.969522714203565950e-02,-8.824360274261754284e+02
6.975273145485912096e-02,-1.177856807146581332e+03
6.981023576768258243e-02,-1.444241546656650144e+03
6.986774008050604390e-02,-1.675023439226714572e+03
6.992524439332950537e-02,-1.864513344825650393e+03
6.998274870615296683e-02,-2.008040036454552592e+03
7.004025301897642830e-02,-2.102065353307997611e+03
7.009775733179988977e-02,-2.144271422055085168e+03
7.015526164462335124e-02,-2.133617796096684287e+03
7.021276595744681270e-02,-2.070367104225885214e+03
7.027027027027027417e-02,-1.956078576411367749e+03
7.032777458309373564e-02,-1.793569606303236696e+03
7.038527889591719711e-02,-1.586846298006814095e+03
7.044278320874065857e-02,-1.341004709256471642e+03
7.050028752156412004e-02,-1.062105225502382837e+03
7.055779183438758151e-02,-7.570231617877062718e+02
7.061529614721104298e-02,-4.332792753179934948e+02
7.067280046003450444e-02,-9.885436685634239495e+01
7.073030477285796591e-02,2.380074586851410459e+02
7.078780908568142738e-02,5.690020225197702075e+02
7.084531339850488885e-02,8.859697831765372484e+02
7.090281771132835031e-02,1.181096982150939539e+03
7.096032202415182566e-02,1.447108265457287416e+03
7.101782633697528713e-02,1.677446032654104329e+03
7.107533064979874859e-02,1.866432092105758784e+03
7.113283496262221006e-02,2.009407637420783658e+03
7.119033927544567153e-02,2.102848094425420641e+03
7.124784358826913300e-02,2.144450007512512457e+03
7.130534790109259446e-02,2.133187823479063354e+03
7.136285221391605593e-02,2.069339173040862988e+03
7.142035652673951740e-02,1.954478026794546622e+03
7.147786083956297887e-02,1.791435894343600467e+03
7.153536515238644033e-02,1.584232023091581596e+03
7.159286946520990180e-02,1.337974317412659502e+03
7.165037377803336327e-02,1.058733420699817771e+03
7.170787809085682474e-02,7.533930643676447971e+02
7.176538240368028621e-02,4.294803729448776153e+02
7.182288671650374767e-02,9.498030850470222219e+01
7.188039102932720914e-02,-2.418611713267112293e+02
7.193789534215067061e-02,-5.727403893167282831e+02
7.199539965497413208e-02,-8.895006474523538600e+02
7.205290396779759354e-02,-1.184333302495828775e+03
7.211040828062105501e-02,-1.449970261436860937e+03
7.216791259344451648e-02,-1.679863151523936722e+03
7.222541690626797795e-02,-1.868344748048396468e+03
7.228292121909143941e-02,-2.010768680430790937e+03
7.234042553191490088e-02,-2.103623972631869037e+03
7.239792984473836235e-02,-2.144621594285862102e+03
7.245543415756182382e-02,-2.132750888932947419e+03
7.251293847038528528e-02,-2.068304488305501764e+03
7.257044278320874675e-02,-1.952871098491286830e+03
7.262794709603220822e-02,-1.789296335806207026e+03
7.268545140885566969e-02,-1.581612577834670901e+03
7.274295572167913115e-02,-1.334939558920331365e+03
7.280046003450259262e-02,-1.055358160586705480e+03
7.285796434732605409e-02,-7.497605081540575611e+02
7.291546866014951556e-02,-4.256800689083149223e+02
7.297297297297297702e-02,-9.110594017286233282e+01
7.303047728579643849e-02,2.457140946237307730e+02
7.308798159861989996e-02,5.764768869028032441e+02
7.314548591144336143e-02,8.930286087301473117e+02
7.320299022426682289e-02,1.187565757619005353e+03
7.326049453709028436e-02,1.452827525254974717e+03
7.331799884991374583e-02,1.682274787947714913e+03
7.337550316273720730e-02,1.870251306411429141e+03
7.343300747556066876e-02,2.012123161042660286e+03
7.349051178838413023e-02,2.104392985395189953e+03
7.354801610120759170e-02,2.144786181815144118e+03
7.360552041403106704e-02,2.132306993884306394e+03
7.366302472685452851e-02,2.067263053396576197e+03
7.372052903967798998e-02,1.951257796745925589e+03
7.377803335250145145e-02,1.787150937673674662e+03
7.383553766532491291e-02,1.578987970784849267e+03
7.389304197814837438e-02,1.331900443683663070e+03
7.395054629097183585e-02,1.051979456178635019e+03
7.400805060379529732e-02,7.461255050020799899e+02
7.406555491661875879e-02,4.218783756108992407e+02
7.412305922944222025e-02,8.723127450513136694e+01
7.418056354226568172e-02,-2.495662160016967732e+02
7.423806785508914319e-02,-5.802115030836383767e+02
7.429557216791260466e-02,-8.965536554960801823e+02
7.435307648073606612e-02,-1.190794336971095845e+03
7.441058079355952759e-02,-1.455680047586541605e+03
7.446808510638298906e-02,-1.684680934054796126e+03
7.452558941920645053e-02,-1.872151760972591774e+03
7.458309373202991199e-02,-2.013471074835914806e+03
7.464059804485337346e-02,-2.105155130205600926e+03
7.469810235767683493e-02,-2.144943769563208662e+03
7.475560667050029640e-02,-2.131856139781855290e+03
7.481311098332375786e-02,-2.066214871713007597e+03
7.487061529614721933e-02,-1.949638126823779885e+03
7.492811960897068080e-02,-1.784999706947849745e+03
7.498562392179414227e-02,-1.576358210507896047e+03
7.504312823461760373e-02,-1.328856981621382602e+03
7.510063254744106520e-02,-1.048597318502489088e+03
7.515813686026452667e-02,-7.424880667751198189e+02
7.521564117308798814e-02,-4.180753054599978213e+02
7.527314548591144960e-02,-8.335632414721507644e+01
7.533064979873491107e-02,2.534175228886628304e+02
7.538815411155837254e-02,5.839442256707235401e+02
7.544565842438183401e-02,9.000757762456604496e+02
7.550316273720529547e-02,1.194019030015019553e+03
7.556066705002875694e-02,1.458527819121949278e+03
7.561817136285221841e-02,1.687081581992341853e+03
7.567567567567567988e-02,1.874046105529480883e+03
7.573317998849914134e-02,2.014812417411382285e+03
7.579068430132260281e-02,2.105910404575734447e+03
7.584818861414606428e-02,2.145094357015743299e+03
7.590569292696952575e-02,2.131398328097020567e+03
7.596319723979298721e-02,2.065159946675636093e+03
7.602070155261644868e-02,1.948012094010796091e+03
7.607820586543991015e-02,1.782842650649512734e+03
7.613571017826337162e-02,1.573723305586407832e+03
7.619321449108683308e-02,1.325809182666118431e+03
7.625071880391029455e-02,1.045211758596248728e+03
7.630822311673376990e-02,7.388482053442451161e+02
7.636572742955723136e-02,4.142708708674114746e+02
7.642323174238069283e-02,7.948110174532162375e+01
7.648073605520415430e-02,-2.572680027155225844e+02
7.653824036802761577e-02,-5.876750424820222634e+02
7.659574468085107724e-02,-9.035949594840016061e+02
7.665324899367453870e-02,-1.197239826226734976e+03
7.671075330649800017e-02,-1.461370830567224175e+03
7.676825761932146164e-02,-1.689476723925646638e+03
7.682576193214492311e-02,-1.875934333899662761e+03
7.688326624496838457e-02,-2.016147184391484871e+03
7.694077055779184604e-02,-2.106658806040692070e+03
7.699827487061530751e-02,-2.145237943681293928e+03
7.705577918343876898e-02,-2.130933560323914207e+03
7.711328349626223044e-02,-2.064098281727326594e+03
7.717078780908569191e-02,-1.946379703613687070e+03
7.722829212190915338e-02,-1.780679775818421376e+03
7.728579643473261485e-02,-1.571083264619647707e+03
7.734330074755607631e-02,-1.322757056764699882e+03
7.740080506037953778e-02,-1.041822787509010823e+03
7.745830937320299925e-02,-7.352059325888335479e+02
7.751581368602646072e-02,-4.104650842494540370e+02
7.757331799884992218e-02,-7.560561994685183151e+01
7.763082231167338365e-02,2.611176429156870427e+02
7.768832662449684512e-02,5.914039413413067905e+02
7.774583093732030659e-02,9.071111937257481941e+02
7.780333525014376805e-02,1.200456715094663878e+03
7.786083956296722952e-02,1.464209072643793888e+03
7.791834387579069099e-02,1.691866352037711749e+03
7.797584818861415246e-02,1.877816439920635958e+03
7.803335250143761392e-02,2.017475371419999647e+03
7.809085681426107539e-02,2.107400332157923458e+03
7.814836112708453686e-02,2.145374529091238401e+03
7.820586543990799833e-02,2.130461837979378743e+03
7.826336975273145979e-02,2.063029880332990615e+03
7.832087406555492126e-02,1.944740960960067923e+03
7.837837837837838273e-02,1.778511089513527395e+03
7.843588269120184420e-02,1.568438096223806497e+03
7.849338700402530566e-02,1.319700613878222839e+03
7.855089131684876713e-02,1.038430416301325067e+03
7.860839562967222860e-02,7.315612603957889633e+02
7.866589994249569007e-02,4.066579580267320466e+02
7.872340425531915153e-02,7.172989139987016927e+01
7.878090856814261300e-02,-2.649664309253076340e+02
7.883841288096607447e-02,-5.951309100789609374e+02
7.889591719378953594e-02,-9.106244674952797595e+02
7.895342150661299740e-02,-1.203669686120133747e+03
7.901092581943647275e-02,-1.467042536088695670e+03
7.906843013225993422e-02,-1.694250458529795196e+03
7.912593444508339569e-02,-1.879692417449997492e+03
7.918343875790685715e-02,-2.018796974162282368e+03
7.924094307073031862e-02,-2.108134980507400542e+03
7.929844738355378009e-02,-2.145504112799819268e+03
7.935595169637724156e-02,-2.129983162602918583e+03
7.941345600920070302e-02,-2.061954745979441213e+03
7.947096032202416449e-02,-1.943095871398105828e+03
7.952846463484762596e-02,-1.776336598812511056e+03
7.958596894767108743e-02,-1.565787809031601000e+03
7.964347326049454889e-02,-1.316639863981630697e+03
7.970097757331801036e-02,-1.035034656044463873e+03
7.975848188614147183e-02,-7.279142006599031447e+02
7.981598619896493330e-02,-4.028495046241640694e+02
7.987349051178839476e-02,-6.785392875318545691e+01
7.993099482461185623e-02,2.688143541834984376e+02
7.998849913743531770e-02,5.988559365316092453e+02
8.004600345025877917e-02,9.141347693266933447e+02
8.010350776308224063e-02,1.206878728817307547e+03
8.016101207590570210e-02,1.469871211654518675e+03
8.021851638872916357e-02,1.696629035620989271e+03
8.027602070155262504e-02,1.881562260365139082e+03
8.033352501437608650e-02,2.020111988305032583e+03
8.039102932719954797e-02,2.108862748691480647e+03
8.044853364002300944e-02,2.145626694384119673e+03
8.050603795284647091e-02,2.129497535756780508e+03
8.056354226566993237e-02,2.060872882175581708e+03
8.062104657849339384e-02,1.941444440296810626e+03
8.067855089131685531e-02,1.774156310812166794e+03
8.073605520414031678e-02,1.563132411692746246e+03
8.079355951696377824e-02,1.313574817064260969e+03
8.085106382978723971e-02,1.031635517821027634e+03
8.090856814261070118e-02,7.242647652839315242e+02
8.096607245543416265e-02,3.990397364713595607e+02
8.102357676825762411e-02,6.397774465673634836e+01
8.108108108108108558e-02,-2.726614001319537124e+02
8.113858539390454705e-02,-6.025790085420388777e+02
8.119608970672800852e-02,-9.176420877634533326e+02
8.125359401955146998e-02,-1.210083832712865842e+03
8.131109833237493145e-02,-1.472695090109566991e+03
8.136860264519839292e-02,-1.699002075548544099e+03
8.142610695802185439e-02,-1.883425962563651183e+03
8.148361127084531585e-02,-2.021420409556576487e+03
8.154111558366877732e-02,-2.109583634335013357e+03
8.159861989649223879e-02,-2.145742273444081093e+03
8.165612420931571414e-02,-2.129004959025846347e+03
8.171362852213917560e-02,-2.059784292452161935e+03
8.177113283496263707e-02,-1.939786673045758789e+03
8.182863714778609854e-02,-1.771970232628037138e+03
8.188614146060956001e-02,-1.560471912873341807e+03
8.194364577343302147e-02,-1.310505483129137929e+03
8.200115008625648294e-02,-1.028233012724373793e+03
8.205865439907994441e-02,-7.206129661780967126e+02
8.211615871190340588e-02,-3.952286660017993540e+02
8.217366302472686734e-02,-6.010135176075743146e+01
8.223116733755032881e-02,2.765075562155336115e+02
8.228867165037379028e-02,6.063001139597088240e+02
8.234617596319725175e-02,9.211464113591478053e+02
8.240368027602071321e-02,1.213284987346698472e+03
8.246118458884417468e-02,1.475514162237844175e+03
8.251868890166763615e-02,1.701369570567817163e+03
8.257619321449109762e-02,1.885283517963134500e+03
8.263369752731455908e-02,2.022722233646736186e+03
8.269120184013802055e-02,2.110297635085318689e+03
8.274870615296148202e-02,2.145850849602500148e+03
8.280621046578494349e-02,2.128505434017719381e+03
8.286371477860840495e-02,2.058688980361966060e+03
8.292121909143186642e-02,1.938122575055387415e+03
8.297872340425532789e-02,1.769778371394802434e+03
8.303622771707878936e-02,1.557806321256346564e+03
8.309373202990225082e-02,1.307431872193518075e+03
8.315123634272571229e-02,1.024827151859222795e+03
8.320874065554917376e-02,7.169588152607368556e+02
8.326624496837263523e-02,3.914163056535143710e+02
8.332374928119609669e-02,5.622476271646960555e+01
8.338125359401955816e-02,-2.803528098815788212e+02
8.343875790684301963e-02,-6.100192406400863092e+02
8.349626221966648110e-02,-9.246477286768628119e+02
8.355376653248994256e-02,-1.216482182271330430e+03
8.361127084531340403e-02,-1.478328418838773814e+03
8.366877515813686550e-02,-1.703731512952040930e+03
8.372627947096032697e-02,-1.887134920501163833e+03
8.378378378378378843e-02,-2.024017456326802630e+03
8.384128809660724990e-02,-2.111004748612119784e+03
8.389879240943071137e-02,-2.145952422505018149e+03
8.395629672225417284e-02,-2.127998962362653856e+03
8.401380103507763430e-02,-2.057586949479649775e+03
8.407130534790109577e-02,-1.936452151756639296e+03
8.412880966072455724e-02,-1.767580734265810861e+03
8.418631397354801871e-02,-1.555135645541213989e+03
8.424381828637148018e-02,-1.304353994288422655e+03
8.430132259919494164e-02,-1.021417946340925482e+03
8.435882691201841699e-02,-7.133023244574637829e+02
8.441633122484187846e-02,-3.876026678684451667e+02
8.447383553766533992e-02,-5.234799017542899691e+01
8.453133985048880139e-02,2.841971485807986255e+02
8.458884416331226286e-02,6.137363764455060391e+02
8.464634847613572433e-02,9.281460282897711522e+02
8.470385278895918579e-02,1.219675407052462788e+03
8.476135710178264726e-02,1.481137850727806608e+03
8.481886141460610873e-02,1.706087894992827842e+03
8.487636572742957020e-02,1.888980164135539553e+03
8.493387004025303166e-02,2.025306073369714113e+03
8.499137435307649313e-02,2.111704972607696163e+03
8.504887866589995460e-02,2.146046991820143376e+03
8.510638297872341607e-02,2.127485545713567717e+03
8.516388729154687753e-02,2.056478203401846713e+03
8.522139160437033900e-02,1.934775408601125946e+03
8.527889591719380047e-02,1.765377328413294663e+03
8.533640023001726194e-02,1.552459894443948315e+03
8.539390454284072340e-02,1.301271859458944391e+03
8.545140885566418487e-02,1.018005407295802001e+03
8.550891316848764634e-02,7.096435057018130692e+02
8.556641748131110781e-02,3.837877650931216067e+02
8.562392179413456927e-02,4.847104679021752816e+01
8.568142610695803074e-02,-2.880405597665862274e+02
8.573893041978149221e-02,-6.174515092445079745e+02
8.579643473260495368e-02,-9.316412987805091461e+02
8.585393904542841514e-02,-1.222864651268401303e+03
8.591144335825187661e-02,-1.483942448735917196e+03
8.596894767107533808e-02,-1.708438708999790379e+03
8.602645198389879955e-02,-1.890819242843959273e+03
8.608395629672226101e-02,-2.026588080569824569e+03
8.614146060954572248e-02,-2.112398304786755943e+03
8.619896492236918395e-02,-2.146134557239235619e+03
8.625646923519264542e-02,-2.126965185746094448e+03
8.631397354801610688e-02,-2.055362745747107965e+03
8.637147786083956835e-02,-1.933092351061163299e+03
8.642898217366302982e-02,-1.763168161028382201e+03
8.648648648648649129e-02,-1.549779076697370783e+03
8.654399079930995276e-02,-1.298185477764069219e+03
8.660149511213341422e-02,-1.014589545861212855e+03
8.665899942495687569e-02,-7.059823709346878786e+02
8.671650373778033716e-02,-3.799716097778416497e+02
8.677400805060379863e-02,-4.459394521360876240e+01
8.683151236342726009e-02,2.918830308955429587e+02
8.688901667625072156e-02,6.211646269124025821e+02
8.694652098907418303e-02,9.351335287419291262e+02
8.700402530189765837e-02,1.226049904510793795e+03
8.706152961472111984e-02,1.486742203710077320e+03
8.711903392754458131e-02,1.710783947300749105e+03
8.717653824036804278e-02,1.892652150624444175e+03
8.723404255319150424e-02,2.027863473743201894e+03
8.729154686601496571e-02,2.113084742886554068e+03
8.734905117883842718e-02,2.146215118476513908e+03
8.740655549166188865e-02,2.126437884158469842e+03
8.746405980448535011e-02,2.054240580155836142e+03
8.752156411730881158e-02,1.931402984629543425e+03
8.757906843013227305e-02,1.760953239320971079e+03
8.763657274295573452e-02,1.547093201050542348e+03
8.769407705577919598e-02,1.295094859276497118e+03
8.775158136860265745e-02,1.011170373185093126e+03
8.780908568142611892e-02,7.023189321047224212e+02
8.786658999424958039e-02,3.761542143770513462e+02
8.792409430707304185e-02,4.071669809889249336e+01
8.798159861989650332e-02,-2.957245494273988129e+02
8.803910293271996479e-02,-6.248757173309021482e+02
8.809660724554342626e-02,-9.386227067767512153e+02
8.815411155836688772e-02,-1.229231156384113319e+03
8.821161587119034919e-02,-1.489537106512756282e+03
8.826912018401381066e-02,-1.713123602241685376e+03
8.832662449683727213e-02,-1.894478881495009546e+03
8.838412880966073359e-02,-2.029132248727418755e+03
8.844163312248419506e-02,-2.113764284666769527e+03
8.849913743530765653e-02,-2.146288675269055602e+03
8.855664174813111800e-02,-2.125903642671625676e+03
8.861414606095457946e-02,-2.053111710290377687e+03
8.867165037377804093e-02,-1.929707314819833755e+03
8.872915468660150240e-02,-1.758732570519773390e+03
8.878665899942496387e-02,-1.544402276269243202e+03
8.884416331224842533e-02,-1.292000014082901316e+03
8.890166762507188680e-02,-1.007747900426560591e+03
8.895917193789534827e-02,-6.986532011680709502e+02
8.901667625071880974e-02,-3.723355913494239076e+02
8.907418056354227121e-02,-3.683931810019951314e+01
8.913168487636573267e-02,2.995651028246301166e+02
8.918918918918919414e-02,6.285847683883347372e+02
8.924669350201265561e-02,9.421088214974918174e+02
8.930419781483611708e-02,1.232408396505891460e+03
8.936170212765957854e-02,1.492327148022522579e+03
8.941920644048304001e-02,1.715457666186875940e+03
8.947671075330650148e-02,1.896299429493916932e+03
8.953421506612996295e-02,2.030394401381647413e+03
8.959171937895342441e-02,2.114436927909654514e+03
8.964922369177688588e-02,2.146355227376800485e+03
8.970672800460036123e-02,2.125362463029101946e+03
8.976423231742382269e-02,2.051976139834942387e+03
8.982173663024728416e-02,1.928005347165987587e+03
8.987924094307074563e-02,1.756506161872153143e+03
8.993674525589420710e-02,1.541706311135519400e+03
8.999424956871766856e-02,1.288900952283701145e+03
9.005175388154113003e-02,1.004322138755127071e+03
9.010925819436459150e-02,6.949851900881371876e+02
9.016676250718805297e-02,3.685157531573386791e+02
9.022426682001151443e-02,3.296181787166730714e+01
9.028177113283497590e-02,-3.034046785532857484e+02
9.033927544565843737e-02,-6.322917679799177222e+02
9.039677975848189884e-02,-9.455918615269381462e+02
9.045428407130536030e-02,-1.235581614506903179e+03
9.051178838412882177e-02,-1.495112319133766732e+03
9.056929269695228324e-02,-1.717786131518880666e+03
9.062679700977574471e-02,-1.898113788679634808e+03
9.068430132259920617e-02,-2.031649927586732701e+03
9.074180563542266764e-02,-2.115102670419962124e+03
9.079930994824612911e-02,-2.146414774582548034e+03
9.085681426106959058e-02,-2.124814346997140547e+03
9.091431857389305204e-02,-2.050833872495626565e+03
9.097182288671651351e-02,-1.926297087222645587e+03
9.102932719953997498e-02,-1.754274020644311577e+03
9.108683151236343645e-02,-1.539005314448164654e+03
9.114433582518689791e-02,-1.285797683993125702e+03
9.120184013801035938e-02,-1.000893099351307455e+03
9.125934445083382085e-02,-6.913149108361706112e+02
9.131684876365728232e-02,-3.646947122675616129e+02
9.137435307648074378e-02,-2.908421006813073717e+01
9.143185738930420525e-02,3.072432640823034831e+02
9.148936170212766672e-02,6.359967040071553583e+02
9.154686601495112819e-02,9.490718154975294283e+02
9.160437032777458966e-02,1.238750800030849632e+03
9.166187464059805112e-02,1.497892610756642398e+03
9.171937895342151259e-02,1.720108990638311752e+03
9.177688326624497406e-02,1.899921953130657585e+03
9.183438757906843553e-02,2.032898823245066296e+03
9.189189189189189699e-02,2.115761510024936342e+03
9.194939620471535846e-02,2.146467316691955602e+03
9.200690051753881993e-02,2.124259296364570218e+03
9.206440483036228140e-02,2.049684912000346230e+03
9.212190914318574286e-02,1.924582540564902956e+03
9.217941345600920433e-02,1.752036154121159825e+03
9.223691776883266580e-02,1.536299295022138722e+03
9.229442208165612727e-02,1.282690219339035366e+03
9.235192639447960261e-02,9.974607934060435355e+02
9.240943070730306408e-02,6.876423753904190335e+02
9.246693502012652555e-02,3.608724811503630008e+02
9.252443933294998701e-02,2.520650734447073305e+01
9.258194364577344848e-02,-3.110808468841548233e+02
9.263944795859690995e-02,-6.396995643786950723e+02
9.269695227142037142e-02,-9.525486720521594179e+02
9.275445658424383288e-02,-1.241915942734842474e+03
9.281196089706729435e-02,-1.500668013817447218e+03
9.286946520989075582e-02,-1.722426235964334410e+03
9.292696952271421729e-02,-1.901723916945897599e+03
9.298447383553767875e-02,-2.034141084280778387e+03
9.304197814836114022e-02,-2.116413444574402547e+03
9.309948246118460169e-02,-2.146512853533547514e+03
9.315698677400806316e-02,-2.123697312942861117e+03
9.321449108683152462e-02,-2.048529262098842537e+03
9.327199539965498609e-02,-1.922861712788345812e+03
9.332949971247844756e-02,-1.749792569606187726e+03
9.338700402530190903e-02,-1.533588261688835473e+03
9.344450833812537049e-02,-1.279578568462936573e+03
9.350201265094883196e-02,-9.940252321213167761e+02
9.355951696377229343e-02,-6.839675957367820729e+02
9.361702127659575490e-02,-3.570490722801984020e+02
9.367452558941921636e-02,-2.132872235636605751e+01
9.373202990224267783e-02,3.149174144341608326e+02
9.378953421506613930e-02,6.434003370097244670e+02
9.384703852788960077e-02,9.560224198435573726e+02
9.390454284071306224e-02,1.245077032288838382e+03
9.396204715353652370e-02,1.503438519258083261e+03
9.401955146635998517e-02,1.724737859934251901e+03
9.407705577918344664e-02,1.903519674244389080e+03
9.413456009200690811e-02,2.035376706639494842e+03
9.419206440483036957e-02,2.117058471940647905e+03
9.424956871765383104e-02,2.146551384958707786e+03
9.430707303047729251e-02,2.123128398566133910e+03
9.436457734330075398e-02,2.047366926562799108e+03
9.442208165612421544e-02,1.921134609509249231e+03
9.447958596894767691e-02,1.747543274421688238e+03
9.453709028177113838e-02,1.530872223296098127e+03
9.459459459459459985e-02,1.276462741520340387e+03
9.465209890741806131e-02,9.905864267094078741e+02
9.470960322024152278e-02,6.802905838682530657e+02
9.476710753306498425e-02,3.532244981351863657e+02
9.482461184588844572e-02,1.745086775915388344e+01
9.488211615871190718e-02,-3.187529542112580998e+02
9.493962047153536865e-02,-6.470990098221875542e+02
9.499712478435883012e-02,-9.594930475348166965e+02
9.505462909718230546e-02,-1.248234058376370513e+03
9.511213341000576693e-02,-1.506204118036961290e+03
9.516963772282922840e-02,-1.727043855003859790e+03
9.522714203565268987e-02,-1.905309219165450713e+03
9.528464634847615133e-02,-2.036605686288741481e+03
9.534215066129961280e-02,-2.117696590018574625e+03
9.539965497412307427e-02,-2.146582910841683770e+03
9.545715928694653574e-02,-2.122552555091095201e+03
9.551466359976999720e-02,-2.046197909185588969e+03
9.557216791259345867e-02,-1.919401236364042688e+03
9.562967222541692014e-02,-1.745288275908450032e+03
9.568717653824038161e-02,-1.528151188708062136e+03
9.574468085106384307e-02,-1.273342748679799342e+03
9.580218516388730454e-02,-9.871443883932398649e+02
9.585968947671076601e-02,-6.766113517852834320e+02
9.591719378953422748e-02,-3.493987711972486636e+02
9.597469810235768894e-02,-1.357295620882561593e+01
9.603220241518115041e-02,3.225874536979786740e+02
9.608970672800461188e-02,6.507955707452302931e+02
9.614721104082807335e-02,9.629605437990499013e+02
9.620471535365153481e-02,1.251387010694035098e+03
9.626221966647499628e-02,1.508964801127850478e+03
9.631972397929845775e-02,1.729344213647214474e+03
9.637722829212191922e-02,1.907092545868620164e+03
9.643473260494538069e-02,2.037828019217433393e+03
9.649223691776884215e-02,2.118327796725593998e+03
9.654974123059230362e-02,2.146607431079587059e+03
9.660724554341576509e-02,2.121969784397092099e+03
9.666474985623922656e-02,2.045022213782467588e+03
9.672225416906268802e-02,1.917661599010027430e+03
9.677975848188614949e-02,1.743027581425981452e+03
9.683726279470961096e-02,1.525425166805253866e+03
9.689476710753307243e-02,1.270218600124197792e+03
9.695227142035653389e-02,9.836991284063944931e+02
9.700977573317999536e-02,6.729299114956285166e+02
9.706728004600345683e-02,3.455719039521895866e+02
9.712478435882691830e-02,9.695000361436513003e+00
9.718228867165037976e-02,-3.264209003794653654e+02
9.723979298447384123e-02,-6.544900077145414343e+02
9.729729729729730270e-02,-9.664248973196441739e+02
9.735480161012076417e-02,-1.254535878951674249e+03
9.741230592294422563e-02,-1.511720559521173300e+03
9.746981023576768710e-02,-1.731638928356732549e+03
9.752731454859114857e-02,-1.908869648533897362e+03
9.758481886141461004e-02,-2.039043701436447691e+03
9.764232317423807150e-02,-2.118952090001662782e+03
9.769982748706154685e-02,-2.146624945592393942e+03
9.775733179988500832e-02,-2.121380088386070838e+03
9.781483611270846978e-02,-2.043839844190465556e+03
9.787234042553193125e-02,-1.915915703124566107e+03
9.792984473835539272e-02,-1.740761198352345218e+03
9.798734905117885419e-02,-1.522694166484133348e+03
9.804485336400231565e-02,-1.267090306049295577e+03
9.810235767682577712e-02,-9.802506579929139434e+02
9.815986198964923859e-02,-6.692462750137872263e+02
9.821736630247270006e-02,-3.417439088894748807e+02
9.827487061529616152e-02,-5.817012873186411248e+00
9.833237492811962299e-02,3.302532817451416918e+02
9.838987924094308446e-02,6.581823086728581984e+02
9.844738355376654593e-02,9.698860967902430730e+02
9.850488786659000739e-02,1.257680652872755672e+03
9.856239217941346886e-02,1.514471384223076484e+03
9.861989649223693033e-02,1.733927991643538235e+03
9.867740080506039180e-02,1.910640521361426408e+03
9.873490511788385326e-02,2.040252728978212872e+03
9.879240943070731473e-02,2.119569467809360503e+03
9.884991374353077620e-02,2.146635454322941769e+03
9.890741805635423767e-02,2.120783468982578142e+03
9.896492236917769914e-02,2.042650804268432694e+03
9.902242668200116060e-02,1.914163554405665309e+03
9.907993099482462207e-02,1.738489134084169791e+03
9.913743530764808354e-02,1.519958196658009683e+03
9.919493962047154501e-02,1.263957876664774176e+03
9.925244393329500647e-02,9.767989884073176654e+02
9.930994824611846794e-02,6.655604543622374649e+02
9.936745255894192941e-02,3.379147985022510738e+02
9.942495687176539088e-02,1.939006400500423277e+00
9.948246118458885234e-02,-3.340845852874250568e+02
9.953996549741231381e-02,-6.618724615698893103e+02
9.959746981023577528e-02,-9.733441309146753611e+02
9.965497412305923675e-02,-1.260821322193812648e+03
9.971247843588269821e-02,-1.517217266255895311e+03
9.976998274870615968e-02,-1.736211396036695533e+03
9.982748706152962115e-02,-1.912405158571739776e+03
9.988499137435308262e-02,-2.041455097896877078e+03
9.994249568717654408e-02,-2.120179928133776684e+03
1.000000000000000056e-01,-2.146638957236935312e+03
